temp_c,humidity_pct,weight_kg,sound_db,varroa_count,brood_score,health_label
35.3,69.0,17.4,57.8,11,4,0
31.9,79.8,39.1,71.7,8,5,0
36.4,79.6,25.2,57.7,10,5,0
36.9,59.6,27.4,65.5,3,5,2
29.6,67.3,30.3,60.7,4,4,0
31.2,42.6,17.6,62.4,5,2,0
34.8,66.2,31.3,62.9,3,3,1
33.7,55.5,24.6,57.5,3,4,2
34.5,62.8,30.3,49.7,0,5,2
32.4,44.8,23.4,69.7,3,5,1
36.7,69.9,15.4,77.9,8,4,0
36.4,44.6,24.6,78.6,5,1,0
34.7,66.8,33.1,56.5,6,3,1
37.3,50.3,31.2,54.7,13,4,0
35.7,54.8,28.2,56.5,0,4,2
32.4,78.9,35.2,60.2,12,2,0
35.4,72.1,26.4,61.5,0,3,1
32.1,78.8,28.5,52.0,7,5,2
36.7,83.7,24.2,47.2,1,5,1
34.4,55.7,35.7,62.5,7,2,0
34.0,83.0,30.3,26.7,13,2,0
32.8,47.4,23.5,61.0,0,2,0
37.6,74.0,16.1,52.6,7,4,1
34.1,59.1,36.8,69.8,6,4,1
33.4,53.8,22.0,72.5,6,4,1
33.6,72.4,28.6,72.7,9,3,0
35.8,76.3,46.8,58.5,4,5,1
35.4,76.0,34.4,50.6,11,1,0
35.5,67.6,40.9,53.9,3,3,1
35.6,66.6,23.7,64.9,5,2,0
39.9,71.3,36.6,45.5,7,3,0
33.5,68.6,28.2,75.9,13,5,0
33.2,71.5,30.9,58.7,8,5,0
32.5,67.4,44.2,67.0,12,5,0
36.0,75.1,25.8,44.2,2,3,1
37.3,45.5,28.2,52.7,1,4,1
34.2,63.4,20.8,42.9,7,3,1
32.4,48.4,35.1,72.2,13,1,0
32.4,68.3,23.5,60.4,3,2,0
36.1,84.7,36.2,67.7,3,4,1
36.4,59.3,14.8,62.6,2,1,0
35.9,66.5,32.4,66.7,13,4,0
32.8,74.1,22.9,58.6,1,3,1
35.1,40.2,33.8,60.0,9,3,0
34.8,58.7,27.9,61.1,5,4,1
35.0,69.4,23.7,66.1,6,2,0
36.7,30.2,24.9,66.3,10,2,0
35.1,53.3,21.2,90.1,6,1,0
36.2,78.2,34.7,78.8,0,1,2
34.7,77.0,19.6,44.2,8,1,0
35.2,69.5,25.9,60.6,0,1,0
36.1,75.6,30.8,57.9,12,4,0
30.9,67.6,40.9,74.8,14,2,0
33.7,71.7,27.9,58.8,12,2,0
33.3,61.2,26.1,66.6,6,4,1
32.9,66.4,30.2,38.6,6,3,1
33.8,57.4,11.4,46.9,8,1,0
38.2,80.2,18.4,82.9,12,3,0
32.3,83.3,25.0,62.5,11,4,0
36.9,81.6,22.3,52.0,7,4,1
30.3,60.1,15.2,64.4,12,5,0
33.7,53.6,34.9,51.5,6,3,1
34.9,80.3,30.1,59.2,11,5,0
36.0,71.5,29.1,47.5,3,3,1
36.3,68.9,22.4,54.1,6,4,1
36.5,57.4,28.6,57.8,12,1,0
33.6,70.1,32.1,73.2,3,5,1
33.3,52.0,25.9,66.6,9,1,0
36.6,72.6,31.6,68.4,4,5,2
34.0,81.5,21.6,61.7,6,3,1
31.3,84.6,28.8,70.2,4,2,0
31.7,73.5,37.1,53.3,9,3,0
32.2,48.4,37.9,54.7,11,1,0
35.7,67.4,38.6,66.1,12,3,0
34.9,90.7,30.3,59.2,5,1,0
36.2,54.6,28.3,61.9,2,3,1
33.4,64.3,24.4,60.4,13,1,0
34.9,82.0,13.5,74.5,5,1,0
36.1,72.4,17.2,75.1,9,4,0
33.7,94.8,26.7,55.7,5,1,0
35.6,56.2,27.1,44.4,12,2,0
32.8,53.1,39.3,54.9,1,4,2
33.6,79.7,38.5,53.0,0,3,1
33.5,50.6,22.5,70.3,5,3,1
31.5,62.6,34.5,71.2,6,3,1
35.7,64.2,24.2,51.7,11,4,0
33.3,77.4,33.5,54.5,7,4,1
34.5,72.4,34.4,47.2,3,1,0
35.7,70.5,37.9,63.3,1,5,2
35.6,60.2,24.1,61.6,12,5,0
36.2,79.6,36.1,69.9,7,3,1
34.3,113.3,13.0,67.0,14,2,0
33.4,73.3,38.4,68.1,4,4,1
34.3,66.2,27.8,46.6,3,4,2
30.3,49.4,28.0,55.7,4,5,1
30.9,57.4,11.7,71.5,6,3,0
31.2,62.4,24.9,56.6,2,3,0
32.0,58.6,38.8,45.7,1,3,1
35.5,64.8,24.6,70.1,11,2,0
32.2,86.3,33.7,56.2,10,4,0
33.6,80.0,28.3,72.6,7,4,2
37.7,63.1,36.5,61.8,7,1,0
33.6,50.5,29.5,59.2,7,1,0
36.3,81.0,20.5,75.6,8,1,0
32.2,64.4,28.5,49.0,4,2,0
34.0,44.3,40.8,76.3,11,1,0
32.1,73.5,32.0,55.6,0,3,1
33.7,77.3,27.1,63.6,11,5,0
36.6,35.9,46.0,63.7,11,4,0
30.2,55.1,37.3,57.7,7,5,1
35.6,63.7,34.5,54.4,4,1,0
35.1,73.8,30.5,58.3,13,4,0
33.0,58.8,33.8,51.9,12,4,0
30.9,55.0,34.1,81.6,13,3,1
34.7,73.7,10.5,57.2,0,4,0
33.2,59.4,31.2,73.6,9,1,0
35.1,71.5,26.7,72.3,0,4,1
34.6,51.7,24.0,65.6,0,5,2
38.5,48.8,26.4,60.6,0,2,0
33.9,74.1,15.6,63.9,11,1,2
31.9,68.0,13.6,67.7,10,1,0
34.9,76.1,38.0,63.0,13,2,0
35.0,58.6,31.7,46.3,9,5,1
37.9,55.5,8.7,43.8,8,5,0
36.6,81.3,23.4,77.1,2,4,1
35.4,46.7,35.0,35.7,10,2,0
38.2,80.0,25.8,64.0,13,2,0
31.5,80.8,38.0,59.7,5,5,1
32.9,75.3,36.4,63.6,10,3,0
32.2,56.7,17.1,50.6,7,4,1
33.5,55.2,26.9,65.5,7,2,0
31.1,62.5,24.4,64.1,11,5,0
36.1,49.5,16.9,89.6,4,3,0
33.9,53.5,16.4,63.3,13,4,0
30.8,72.7,21.6,75.5,14,5,0
32.0,72.8,22.9,47.0,1,2,0
35.3,52.4,30.3,72.2,7,4,1
36.6,73.1,36.4,64.3,0,4,2
39.5,70.5,32.1,64.7,5,3,0
41.8,83.1,34.0,64.8,5,5,0
35.5,71.8,25.9,79.1,9,3,0
32.0,77.7,32.8,64.6,5,4,1
29.2,70.7,26.8,54.2,5,1,0
35.2,76.8,24.5,55.8,11,5,0
32.5,49.6,43.2,70.2,11,5,0
33.5,63.5,9.4,66.5,0,5,0
33.0,64.5,13.0,46.7,5,5,1
34.1,62.1,31.1,67.1,11,4,0
37.2,70.3,25.9,51.2,1,4,1
34.9,72.6,16.5,66.4,8,5,0
34.1,69.7,19.6,53.9,7,4,1
31.9,62.9,20.6,59.2,10,2,0
30.3,56.2,35.1,56.6,10,1,0
33.3,78.2,37.7,77.2,7,5,1
34.4,69.2,41.1,66.0,6,1,0
38.9,52.8,15.3,74.6,11,5,0
34.8,62.7,17.1,91.0,5,5,0
37.0,44.1,16.5,62.5,6,1,0
33.3,65.4,38.3,77.0,6,5,1
31.5,62.6,31.3,55.0,5,3,2
32.1,58.1,28.6,74.5,9,2,0
32.7,84.0,29.8,53.9,9,3,0
39.8,51.1,27.5,61.8,13,3,0
32.4,73.5,19.0,67.4,6,5,1
36.6,91.2,32.1,68.9,11,3,0
32.2,77.9,26.5,49.3,4,1,0
36.8,64.6,18.4,53.3,14,2,0
35.5,51.4,32.6,68.1,13,3,0
34.1,48.7,24.6,58.3,8,3,0
34.4,60.1,29.8,48.0,10,3,0
32.9,56.8,27.0,61.3,8,5,0
35.6,56.4,35.1,60.8,2,2,0
33.4,61.1,29.8,63.8,14,5,0
31.4,63.8,20.9,67.3,11,5,0
31.3,70.8,30.6,66.7,6,5,1
34.9,50.1,30.8,54.3,3,3,1
38.4,56.8,32.1,57.9,10,5,2
34.9,63.1,36.3,71.3,6,3,1
34.2,62.7,23.1,56.6,12,2,0
35.2,87.0,33.3,58.0,3,5,0
37.8,67.8,14.2,47.0,7,5,1
35.0,45.6,27.0,61.7,1,1,0
33.5,70.0,25.8,65.5,10,2,0
37.3,71.5,39.6,42.2,5,2,0
35.6,63.5,26.7,51.3,2,5,2
38.3,50.4,32.9,47.8,8,2,0
35.0,86.1,13.9,69.9,8,4,0
31.4,52.2,25.2,42.9,4,5,1
31.1,72.9,21.2,61.2,14,5,0
38.6,67.4,47.8,69.2,1,5,0
38.8,72.2,22.7,63.9,4,3,1
34.1,85.5,28.6,57.6,3,4,0
33.5,71.7,29.0,65.5,13,4,0
38.2,58.3,15.3,72.4,3,2,0
31.7,78.3,23.8,60.9,3,3,1
32.3,57.4,31.2,39.6,8,3,0
36.1,67.0,28.7,73.5,3,5,1
33.5,49.5,9.6,66.0,4,3,0
34.5,52.6,23.5,61.7,3,3,1
34.1,65.6,36.2,42.2,8,3,0
35.3,69.4,32.7,59.0,11,1,0
38.0,44.6,37.7,53.2,7,2,0
34.7,71.0,20.1,49.8,13,5,0
36.1,55.2,38.2,60.6,3,1,0
29.4,80.4,27.6,56.6,12,4,0
34.4,60.8,40.7,57.3,11,5,0
32.4,51.5,28.0,69.4,1,4,2
31.5,65.9,11.6,64.6,10,4,0
32.3,54.0,34.8,57.0,14,4,0
33.7,80.2,24.5,55.8,10,1,0
36.8,65.0,25.0,57.5,3,1,0
31.2,63.2,16.4,59.5,6,5,1
34.6,72.1,41.0,67.8,13,3,0
33.3,52.9,23.8,51.6,4,3,1
33.7,49.5,40.6,76.6,7,1,0
37.0,69.9,24.6,67.8,8,4,0
35.8,51.8,20.6,34.6,12,1,0
37.8,51.8,38.6,62.9,14,1,0
34.1,75.0,27.4,72.4,10,2,0
32.8,71.3,27.5,65.9,6,5,1
33.9,50.0,17.7,57.9,6,5,1
35.1,57.6,24.3,61.4,9,1,0
34.9,54.2,31.4,63.8,1,1,0
31.8,86.3,17.6,69.7,6,5,0
34.7,75.9,23.7,47.8,5,4,1
35.1,59.9,24.6,55.9,13,4,0
40.8,71.9,28.5,78.4,12,3,0
39.2,48.7,39.8,62.3,3,2,0
32.4,56.9,25.6,77.3,9,4,0
33.8,66.3,22.5,91.9,6,1,0
30.8,70.4,50.0,57.1,12,1,0
33.0,63.8,24.5,50.0,7,5,1
35.3,68.0,26.5,59.3,9,2,0
37.5,65.9,25.1,73.0,10,1,0
32.7,63.0,25.8,74.4,12,3,0
32.9,61.4,28.6,84.7,10,1,0
29.1,59.9,35.4,61.6,4,3,0
34.1,67.8,31.2,66.9,11,4,0
31.8,69.9,36.6,54.9,4,2,0
33.2,67.4,36.4,36.9,10,1,0
32.3,50.9,29.7,61.6,14,5,0
34.3,53.0,31.0,50.5,7,3,1
30.1,69.8,36.9,68.4,13,1,0
30.8,82.7,19.1,43.2,2,3,1
39.8,66.8,48.0,54.6,6,5,1
31.3,60.1,23.9,64.7,13,1,0
31.8,67.7,25.2,65.7,10,4,0
39.1,51.4,18.3,61.5,4,2,0
41.8,80.7,18.5,80.7,7,4,0
31.6,67.2,35.8,77.7,1,1,0
33.6,57.0,46.2,55.2,12,5,0
35.4,63.0,23.5,78.1,1,5,0
38.8,58.7,30.8,79.6,8,3,0
32.0,80.7,29.8,60.8,7,2,0
33.9,62.6,36.0,62.5,9,1,0
36.4,66.9,45.7,61.5,6,4,1
35.6,71.9,40.2,55.6,1,4,2
33.6,56.1,26.1,56.5,9,4,0
34.2,67.3,32.2,75.2,13,3,0
31.1,68.3,33.0,66.4,9,4,0
33.9,46.4,27.8,56.5,0,4,1
33.8,68.0,19.2,52.7,1,2,0
35.1,64.5,21.6,54.4,4,4,2
33.1,66.6,37.2,60.4,4,1,0
35.7,65.4,38.0,71.1,1,5,1
37.0,68.1,26.3,53.4,13,3,0
34.9,81.0,30.1,71.0,11,4,0
35.4,50.8,37.6,64.0,11,4,0
34.6,60.9,14.4,63.4,14,1,0
34.5,73.0,24.4,72.3,13,4,0
32.7,70.8,44.1,70.4,2,4,1
35.3,70.5,30.4,48.0,0,1,0
34.3,98.0,19.0,51.2,10,2,0
39.7,72.4,28.9,59.7,13,4,0
38.4,78.6,36.2,65.6,10,2,0
35.5,61.3,7.6,75.6,12,1,0
32.6,53.1,29.4,62.7,9,5,0
31.7,61.2,25.0,79.0,6,3,0
37.5,73.5,14.9,54.9,1,2,0
35.2,69.9,28.7,56.6,10,3,0
35.7,69.8,26.9,58.9,4,2,0
30.1,62.4,27.8,53.8,4,1,1
36.8,60.5,25.2,73.6,13,3,0
35.6,62.8,19.8,34.3,9,5,0
31.7,73.7,16.4,57.0,6,5,1
33.3,75.1,22.5,73.5,11,4,0
35.2,52.9,34.9,58.9,10,1,0
34.6,74.1,29.9,72.7,7,2,0
33.8,57.2,27.4,84.0,14,2,0
34.2,70.6,19.7,62.8,0,1,0
33.9,62.7,25.0,73.7,7,1,0
34.9,83.8,33.9,86.2,6,4,0
38.2,60.0,32.0,66.0,1,3,0
28.1,67.1,24.2,61.5,10,5,0
33.9,72.3,7.1,71.0,1,1,0
34.9,54.5,22.6,73.8,10,1,0
35.2,64.1,24.1,61.6,11,4,0
33.6,61.8,20.7,57.2,7,2,0
30.1,58.8,24.7,79.2,3,2,0
35.3,59.7,34.5,59.3,14,4,0
38.8,78.3,27.7,73.9,10,5,0
30.7,57.8,35.9,64.6,1,3,1
36.7,71.8,15.9,80.3,11,4,0
33.7,68.8,25.6,53.5,2,2,0
34.3,48.2,12.5,53.5,9,5,0
31.9,71.2,24.6,70.5,3,3,1
33.7,48.0,19.6,50.7,9,1,0
37.8,72.5,38.3,63.2,12,3,0
36.0,58.9,31.3,77.5,11,2,0
38.8,65.1,36.1,44.2,11,1,0
37.4,49.5,24.6,66.0,10,1,0
35.6,66.5,19.8,74.1,11,2,0
38.9,76.1,19.6,61.7,13,1,0
35.6,55.3,30.1,52.7,13,1,0
36.6,57.7,42.5,59.4,11,3,0
33.8,70.5,31.3,53.6,6,1,1
34.7,70.8,25.0,62.7,4,4,2
32.8,35.8,26.5,59.2,4,5,1
37.0,89.2,27.7,56.9,9,1,0
31.6,71.3,44.2,66.7,9,1,0
36.5,73.4,37.9,77.8,6,2,0
34.0,63.3,30.1,65.3,6,1,0
37.4,42.7,28.9,75.4,10,2,0
36.4,73.1,30.4,77.8,7,5,1
39.1,58.2,32.0,56.1,0,5,0
36.3,71.5,24.7,64.7,2,5,2
30.6,62.4,21.2,57.8,4,5,1
34.3,67.9,36.3,47.2,5,5,1
31.6,55.7,28.2,65.6,10,3,0
33.2,75.4,35.6,51.5,7,1,0
38.3,50.7,41.2,66.8,6,4,0
36.1,91.9,32.2,46.4,1,4,0
32.8,91.9,30.9,63.7,0,5,0
32.0,84.6,53.6,46.3,14,4,0
34.6,80.3,29.7,68.7,12,3,0
31.5,64.0,19.3,58.1,0,4,1
32.8,79.0,25.8,57.1,6,4,1
35.3,63.8,40.4,73.3,13,1,0
37.4,46.4,17.6,58.8,10,4,0
36.0,83.0,22.0,63.1,1,2,0
28.8,78.5,36.9,60.0,6,1,0
35.3,64.6,25.8,67.1,12,2,0
34.7,50.3,27.1,72.4,4,5,1
35.5,58.0,36.6,70.4,8,4,2
38.5,43.1,22.3,57.3,4,1,0
29.3,76.3,16.3,74.1,2,2,0
33.0,45.8,16.9,52.8,12,4,0
36.0,68.4,32.7,54.6,3,3,1
30.5,54.9,30.1,60.7,8,4,0
38.2,47.9,22.5,72.5,5,4,0
35.4,67.9,18.7,50.3,9,1,0
36.6,61.0,25.8,70.9,11,5,0
33.1,75.1,36.9,61.5,8,3,0
36.5,49.8,21.3,57.7,2,5,1
37.2,55.9,22.7,73.0,4,2,0
35.1,36.3,18.5,54.0,3,4,1
35.1,38.8,25.1,84.9,10,1,0
35.2,86.6,30.7,60.2,10,1,0
32.3,90.0,44.9,63.5,2,5,0
34.1,66.1,29.7,77.4,9,5,0
34.1,55.1,27.6,63.8,6,5,1
35.5,61.4,34.9,73.9,6,2,0
37.0,75.5,33.6,42.5,12,5,0
31.9,58.8,23.4,57.6,0,1,0
34.2,67.9,46.4,66.0,10,3,0
38.2,64.8,27.8,72.8,8,3,0
32.6,58.2,29.9,69.7,3,4,2
32.4,58.7,32.4,68.8,3,4,2
35.0,68.5,30.8,72.6,2,2,0
36.6,53.3,40.2,66.8,9,1,0
34.5,70.4,23.3,40.6,9,2,0
37.8,59.3,34.3,76.4,4,2,0
36.6,66.5,29.3,53.6,5,4,1
36.6,81.6,35.9,65.1,14,1,0
35.9,63.0,26.3,63.8,10,3,0
40.3,76.0,25.2,62.5,8,4,0
34.0,43.5,33.9,50.9,1,4,1
29.5,59.4,30.9,42.6,8,4,0
38.5,65.3,21.4,52.0,5,2,0
33.4,88.1,38.8,70.3,12,3,0
34.8,41.5,33.9,47.5,2,1,0
37.8,63.8,27.4,53.2,14,3,0
30.5,82.5,24.3,66.2,14,5,0
31.4,55.6,30.9,51.7,11,5,0
30.5,62.4,33.3,56.6,7,4,1
32.5,69.0,15.2,62.8,8,3,0
35.6,67.2,31.0,64.8,13,5,0
35.8,83.8,33.2,51.5,12,3,0
35.2,70.4,9.2,63.4,12,4,0
31.0,80.9,29.6,66.0,2,3,1
28.7,60.7,33.6,49.3,6,1,0
34.6,56.1,32.6,64.1,11,4,0
33.3,62.3,34.4,54.8,1,5,2
35.6,51.1,25.4,63.2,10,4,0
36.3,70.8,19.7,69.2,5,4,1
34.8,60.4,13.6,60.2,8,1,0
36.4,56.9,36.7,71.1,13,1,0
35.1,71.0,33.6,69.9,13,5,0
35.8,51.3,37.3,71.1,5,3,1
32.7,74.2,22.2,66.0,10,3,0
34.1,59.3,34.4,73.0,0,4,1
35.0,78.9,16.0,65.9,10,5,0
36.6,60.3,21.0,45.3,2,3,1
33.5,72.6,29.0,54.1,13,3,0
35.8,67.2,33.3,59.9,4,3,1
33.8,73.9,41.4,61.1,10,3,0
34.2,66.3,26.1,65.6,9,4,0
36.6,45.0,21.1,53.9,3,1,0
29.5,77.1,20.7,82.1,12,2,0
31.3,63.9,22.5,61.0,2,3,1
30.8,74.5,45.8,61.9,13,3,0
28.7,73.3,34.1,55.3,7,3,0
32.8,55.7,36.9,52.0,6,3,1
36.4,54.0,26.1,60.7,3,5,0
33.8,72.9,28.0,62.3,0,5,2
35.0,61.4,33.6,61.1,10,5,0
37.2,76.2,24.0,78.6,10,3,0
37.8,62.9,25.7,60.7,12,3,0
34.3,77.3,22.6,61.1,14,3,0
37.9,70.1,24.4,70.2,4,5,1
34.7,68.5,28.4,60.3,8,4,0
32.4,60.5,21.4,67.4,13,5,0
33.0,67.8,30.3,49.2,8,5,0
30.8,79.3,30.3,49.3,11,5,0
32.3,64.3,26.6,63.2,10,3,0
33.6,71.4,21.4,59.7,14,2,0
36.5,65.6,28.8,53.9,5,5,1
38.8,66.5,24.0,63.2,2,2,0
31.0,85.7,28.4,64.1,13,2,0
35.5,79.4,36.8,54.9,6,5,0
31.9,66.0,18.0,56.8,2,4,1
35.7,67.6,45.4,64.2,9,3,0
34.2,56.6,27.4,51.8,12,3,0
29.9,62.9,31.3,56.0,11,3,0
36.8,68.7,22.0,67.3,5,5,1
33.0,75.2,37.1,61.8,13,3,0
33.2,74.0,27.0,57.2,0,3,2
31.8,51.7,24.8,53.0,13,1,0
32.9,76.7,23.4,51.9,2,1,0
35.6,63.9,25.9,60.7,3,2,0
34.0,53.2,31.3,82.3,4,2,0
35.3,81.0,29.4,67.7,6,2,0
35.4,82.6,27.7,48.7,0,4,1
37.8,68.2,22.3,69.1,10,3,0
33.6,73.5,21.8,54.4,1,1,0
30.8,74.2,24.3,62.0,1,3,1
37.2,81.7,31.7,56.1,0,1,0
33.7,73.7,33.3,82.2,14,3,0
37.3,49.1,34.4,50.7,0,1,0
35.5,89.1,28.0,65.1,11,1,0
34.2,77.8,31.1,55.1,9,5,0
35.4,58.9,26.7,69.4,12,1,0
39.4,52.6,14.1,64.9,6,5,0
39.7,71.1,26.3,74.5,13,3,0
34.7,61.7,25.0,69.2,7,5,1
34.9,69.0,19.7,55.1,2,1,0
37.2,73.9,23.5,91.2,13,3,0
32.4,58.2,29.1,67.6,6,5,1
35.3,51.6,18.9,56.5,0,1,0
34.4,69.6,22.3,64.1,9,3,0
35.3,58.6,40.4,68.3,4,1,0
32.4,66.8,15.2,67.9,12,2,0
30.5,48.9,26.5,67.0,2,5,1
29.3,62.0,18.7,71.7,11,3,0
31.7,73.6,22.0,70.7,12,2,0
33.4,72.3,26.4,53.5,1,4,2
33.8,55.5,20.1,83.1,8,2,0
39.3,51.0,32.6,81.7,9,1,1
37.3,65.2,38.8,70.0,13,3,0
32.1,71.7,34.7,62.4,4,4,2
35.4,69.9,36.2,62.6,7,1,0
33.5,58.9,17.0,58.8,6,1,0
33.8,68.6,26.1,60.1,5,3,1
35.0,83.0,31.7,40.1,14,2,0
36.0,67.5,35.0,77.3,9,5,0
33.7,45.4,42.0,73.8,2,2,0
37.2,67.4,36.6,45.2,12,2,0
31.6,89.5,35.2,70.9,1,3,0
34.5,49.6,49.1,61.9,13,5,0
41.0,65.4,28.8,60.0,6,4,0
35.1,62.3,25.7,66.9,10,4,0
38.1,66.2,29.4,44.6,12,5,0
34.7,67.3,20.7,61.9,13,5,2
36.0,78.7,28.5,62.8,2,3,1
34.4,66.0,14.2,62.8,6,2,0
34.1,80.3,23.8,48.3,1,1,2
32.6,63.6,27.1,66.5,9,3,0
35.6,60.8,35.6,72.6,6,4,1
32.4,57.0,36.9,66.1,14,2,0
36.2,43.2,20.3,59.7,9,3,0
37.2,68.3,44.6,88.9,6,3,1
35.4,89.6,29.2,52.8,2,3,0
33.8,70.5,29.9,69.7,4,5,2
35.6,73.2,15.1,64.4,12,3,0
33.7,60.0,23.0,82.1,2,3,0
36.8,62.1,36.4,65.9,12,3,0
29.9,76.8,29.4,68.0,9,2,0
33.7,89.1,28.9,67.1,7,4,0
29.5,82.9,29.8,51.4,7,4,0
30.8,74.7,16.5,53.3,0,3,1
37.9,65.4,27.2,59.2,3,2,0
36.7,67.5,39.3,71.6,7,5,1
32.7,56.0,36.7,64.3,7,5,1
30.7,47.6,27.0,59.9,3,4,1
27.1,51.5,40.5,75.7,12,5,0
33.1,65.6,17.9,42.2,6,3,1
40.6,61.5,20.2,49.0,5,4,0
35.6,47.4,42.9,37.0,11,2,0
33.1,64.6,32.6,74.1,2,4,1
35.7,61.2,25.7,61.0,0,1,0
30.6,50.9,27.6,71.7,4,3,1
33.8,60.6,21.5,60.9,0,2,0
34.7,61.1,30.2,72.2,5,3,1
34.3,57.6,29.6,60.7,2,2,0
36.5,76.1,28.2,66.1,9,5,0
35.4,42.2,18.7,64.6,0,1,0
36.2,41.2,30.1,65.4,3,5,1
32.8,65.0,23.8,78.8,3,4,0
36.7,66.2,20.1,45.8,8,5,0
38.6,69.9,38.1,61.3,6,2,0
32.1,58.5,45.4,64.0,11,4,0
32.3,54.0,43.5,62.5,11,1,2
37.8,64.9,33.2,58.0,5,4,1
34.0,59.7,25.9,56.7,0,3,1
38.0,83.6,27.4,77.3,14,4,0
33.4,61.1,31.2,61.3,5,4,1
38.1,64.4,24.6,86.4,8,3,0
34.8,94.7,38.6,67.3,13,2,0
35.1,62.7,11.7,59.1,9,4,0
38.4,71.7,25.6,67.5,8,5,0
33.6,72.8,34.4,63.1,5,2,0
32.1,73.8,21.2,75.4,12,5,0
33.4,68.5,26.1,50.3,2,3,1
35.6,67.3,32.7,44.0,7,5,1
30.6,66.2,40.1,65.6,5,4,1
36.1,58.1,17.6,70.4,1,4,1
33.2,68.9,17.1,64.9,4,4,1
37.4,89.3,20.4,68.7,2,5,0
28.5,79.5,15.7,67.3,1,5,0
32.5,68.6,16.3,47.2,11,2,0
30.3,75.3,20.2,64.8,10,4,0
32.4,54.6,37.9,75.2,12,4,0
35.1,61.9,25.5,63.7,0,3,1
34.1,76.4,28.3,48.9,7,2,0
33.9,82.8,20.4,58.7,9,3,0
34.1,55.7,33.1,67.6,7,2,0
35.0,59.2,43.0,80.0,0,1,0
32.0,91.2,20.9,42.4,6,5,0
36.3,66.2,41.8,65.6,1,4,2
36.2,86.9,30.9,52.7,0,3,0
35.5,67.5,28.1,67.1,10,3,0
35.9,68.0,31.2,67.9,1,1,0
35.2,61.3,31.1,59.7,4,2,0
39.6,76.3,42.9,68.3,14,1,0
34.3,81.3,32.2,73.4,14,3,0
33.7,52.6,32.3,60.4,0,3,1
32.6,60.8,24.6,48.6,6,5,1
31.9,76.0,34.7,76.3,5,5,1
31.4,63.4,20.3,70.3,9,4,0
32.3,59.1,28.9,67.6,10,5,0
34.3,77.1,51.1,55.1,1,2,0
35.3,78.2,8.0,71.9,6,1,0
34.6,59.6,29.9,82.4,4,3,0
32.6,67.5,30.2,60.8,14,1,0
36.8,50.5,26.2,62.9,4,5,2
36.3,54.3,26.4,51.3,0,1,0
34.1,66.5,28.7,54.8,9,5,2
32.9,65.4,26.0,51.3,13,4,0
35.9,53.4,29.8,63.3,12,2,0
35.0,56.4,24.1,58.6,2,3,0
30.9,52.2,44.2,65.7,11,3,0
34.3,70.5,26.0,53.1,3,4,2
35.2,41.4,32.6,60.3,2,3,1
32.3,52.9,22.6,52.5,7,3,1
35.0,42.6,35.5,63.9,12,3,0
30.9,70.0,33.9,45.7,13,1,0
37.8,43.4,31.4,63.5,9,4,0
37.6,65.4,19.8,59.2,6,2,2
33.9,84.7,22.0,63.8,8,2,0
35.4,85.1,41.5,45.5,4,2,0
28.5,43.3,21.9,68.5,2,3,0
31.6,68.6,33.1,59.0,6,4,1
33.8,53.1,20.4,64.2,2,5,2
31.8,50.7,36.1,43.3,1,3,1
36.3,63.6,22.5,49.6,11,2,0
39.5,79.7,20.3,58.1,12,5,0
31.6,72.2,22.3,75.8,11,3,0
32.4,56.4,23.6,67.3,13,1,0
35.1,73.5,31.2,63.3,7,5,1
38.5,38.1,28.6,52.8,10,5,0
31.4,56.0,19.2,50.9,3,2,0
35.1,55.1,27.8,64.8,6,2,0
39.1,65.9,18.9,69.0,1,2,0
30.4,62.6,33.1,64.1,9,2,0
31.3,63.3,34.6,79.1,6,1,0
33.4,62.9,27.8,55.2,8,1,0
33.2,65.3,30.2,63.8,12,1,0
36.5,71.5,42.0,45.1,0,2,0
35.1,66.8,26.7,64.1,6,1,0
30.1,61.6,20.4,76.7,5,1,0
35.8,69.8,32.6,51.6,11,5,0
33.1,74.9,18.9,70.4,9,2,0
37.7,58.3,26.3,76.4,10,5,0
32.9,64.3,23.2,55.1,12,3,0
32.9,78.9,22.4,66.7,4,3,1
35.9,51.8,26.0,77.8,5,4,1
36.4,86.7,35.2,64.3,5,1,0
35.6,48.9,36.8,69.9,12,4,0
30.3,60.9,35.4,44.3,6,3,1
35.8,53.6,30.7,68.0,11,5,0
31.9,91.3,25.9,67.2,3,5,0
35.1,59.0,9.1,48.7,13,4,0
30.9,59.0,30.9,52.4,7,1,0
35.6,60.6,9.8,68.0,14,5,0
32.5,66.1,12.6,59.0,6,4,1
31.3,61.1,26.7,73.1,0,1,0
36.3,63.4,30.1,65.1,3,1,0
35.1,22.6,24.4,62.6,6,5,1
33.0,65.7,40.3,60.3,1,5,2
38.1,65.2,31.7,64.9,11,3,0
33.4,77.5,26.0,70.0,5,5,1
34.6,80.7,39.1,67.3,12,3,0
35.2,62.7,40.5,57.8,14,5,0
33.0,74.8,32.1,74.4,1,3,1
35.7,51.8,21.8,68.6,4,4,2
33.2,74.2,23.6,65.9,9,1,1
33.5,58.1,16.4,62.9,12,5,0
37.9,50.8,27.7,67.0,13,1,0
31.9,62.8,19.6,43.7,2,2,0
28.5,81.8,25.4,64.4,3,3,0
38.5,67.2,30.1,78.4,2,4,0
40.9,83.0,12.1,64.2,5,4,0
33.5,56.0,17.9,62.8,9,4,0
29.7,77.6,23.9,56.0,5,5,0
33.7,57.2,27.6,66.9,10,4,0
33.8,67.7,24.0,60.0,5,1,0
34.0,67.6,25.8,75.1,8,4,0
31.7,72.9,22.4,53.4,8,2,0
35.9,68.0,16.4,57.5,3,3,1
35.8,56.1,23.7,56.0,0,4,2
30.8,75.6,26.3,80.3,3,2,0
36.2,85.8,25.5,60.1,11,2,0
39.6,58.0,28.9,56.5,11,2,0
34.9,43.0,31.4,41.1,1,2,0
33.7,71.0,33.5,52.9,5,5,1
34.1,61.0,22.9,67.3,12,2,0
36.0,63.4,15.4,67.2,12,3,0
30.2,71.7,38.2,55.5,0,4,1
34.9,59.5,31.1,56.0,11,2,0
33.5,61.8,20.4,80.6,11,1,0
39.1,63.8,30.2,89.0,1,2,0
34.1,82.6,36.5,73.5,5,1,0
38.7,65.4,41.8,77.6,0,3,0
31.7,50.2,30.0,79.7,9,1,2
36.0,50.6,36.5,84.1,12,2,0
35.3,66.7,18.3,59.0,2,3,1
32.3,51.4,27.7,53.2,5,2,0
34.9,46.3,25.3,80.3,8,2,0
37.5,72.6,30.7,52.4,1,4,1
33.7,73.2,40.9,51.7,4,3,1
30.3,60.6,30.0,51.9,3,4,1
34.5,68.5,20.5,60.7,0,5,2
32.2,67.3,17.9,42.2,10,2,0
33.6,72.2,41.2,47.7,10,2,0
34.3,72.3,32.1,55.8,1,3,1
30.2,33.7,31.6,50.0,1,1,0
30.5,62.1,25.3,72.6,1,4,1
35.7,71.2,30.1,62.1,14,1,0
33.2,60.1,20.1,67.8,8,2,0
28.1,65.4,31.1,66.7,8,5,0
36.5,74.0,18.6,59.9,1,4,2
35.2,66.0,25.1,71.9,0,3,1
32.7,83.1,22.9,66.5,13,1,0
31.2,78.5,1.9,58.8,14,5,0
36.6,63.6,25.2,45.2,8,3,0
35.4,62.6,20.8,67.2,1,5,2
40.5,30.8,26.3,49.4,0,4,0
35.6,61.1,28.0,65.8,12,5,0
35.5,48.8,42.1,62.8,7,1,0
34.1,67.7,30.4,48.4,4,5,2
36.5,66.8,30.7,64.6,0,4,2
36.1,73.4,32.0,63.9,8,2,0
37.6,81.8,35.0,63.9,13,5,2
33.2,64.7,31.6,63.5,12,3,0
33.4,92.4,30.3,55.5,10,4,0
33.3,67.8,33.7,67.9,0,5,2
36.5,49.3,8.6,55.1,11,3,0
38.2,58.3,44.7,51.3,10,4,0
33.4,60.5,40.7,68.7,12,5,0
33.4,72.1,29.7,71.4,2,4,1
35.3,53.6,16.7,68.1,12,4,0
33.9,61.4,37.7,59.9,10,5,0
36.9,63.1,22.4,42.6,11,5,0
28.9,59.6,32.3,76.8,2,4,0
32.4,74.7,17.7,42.4,12,1,0
32.5,72.7,45.8,67.9,0,4,2
28.7,79.0,16.5,83.1,3,2,0
32.1,61.0,28.6,63.5,2,3,1
32.2,79.4,11.0,64.9,3,2,0
34.0,48.6,27.7,65.8,9,2,0
37.3,48.3,24.6,64.0,13,5,0
33.9,50.4,37.1,85.5,14,2,0
31.9,65.1,24.6,53.6,1,1,0
34.4,79.4,37.1,52.3,14,4,0
37.1,57.8,19.8,58.7,1,4,1
32.1,59.3,25.7,79.4,11,5,0
32.2,62.4,25.9,56.2,2,1,0
35.9,71.9,32.0,66.3,12,5,0
33.9,59.3,30.9,72.7,5,5,1
36.1,58.6,33.8,69.8,13,2,0
34.5,48.9,30.1,72.2,8,5,0
36.3,58.1,33.3,76.2,7,5,1
31.9,79.1,20.8,65.1,6,1,0
34.5,66.1,31.1,57.4,3,1,0
34.0,56.1,40.9,63.5,7,4,1
31.5,79.8,14.6,58.6,9,3,0
30.6,58.0,31.9,87.2,2,5,0
36.2,82.0,33.4,56.7,2,5,1
33.6,81.8,39.7,66.8,6,1,0
31.9,65.7,33.8,47.0,12,5,0
34.3,47.0,28.8,63.3,5,5,1
37.3,92.5,31.4,59.1,6,4,0
28.8,69.6,22.1,68.8,14,2,0
30.8,61.1,24.9,69.0,3,4,1
32.2,76.5,17.3,76.2,5,3,1
38.2,73.4,39.9,75.4,12,2,0
35.2,80.7,31.6,61.3,7,1,0
36.4,57.1,20.7,52.6,1,4,2
31.6,68.8,30.2,53.7,3,2,0
31.7,50.8,37.3,65.0,14,2,0
35.6,73.0,35.9,63.6,12,2,0
34.6,64.7,20.6,64.6,14,1,0
35.9,68.4,2.9,56.6,7,2,0
34.0,63.2,31.2,76.4,9,5,0
35.2,62.0,20.9,47.3,2,4,2
34.9,54.6,33.0,56.1,10,1,0
36.4,74.5,35.6,51.2,8,2,0
36.5,82.9,36.9,59.9,0,4,1
30.5,58.3,42.0,74.5,12,5,0
28.9,71.6,37.9,59.1,6,3,0
37.0,70.2,42.0,63.0,14,5,0
37.5,65.1,39.0,68.6,13,1,0
31.9,46.7,39.7,58.6,6,5,1
29.9,49.4,27.7,65.8,0,1,0
34.7,55.6,17.7,64.5,2,4,1
36.8,39.3,47.9,50.7,4,1,0
39.0,81.9,28.5,57.4,4,5,0
35.8,69.4,37.8,65.5,5,2,0
33.6,64.6,23.6,74.8,14,2,0
32.3,38.7,35.7,74.8,10,4,0
34.5,43.1,8.4,83.0,2,1,0
33.8,65.0,24.7,66.9,10,3,0
32.0,88.6,27.2,57.9,0,2,0
39.6,56.6,31.7,61.4,0,3,0
39.0,75.4,36.6,60.9,9,2,2
37.3,59.2,19.2,57.9,3,5,1
32.2,65.7,33.3,65.8,6,3,1
36.6,79.6,37.8,66.3,12,4,0
36.1,60.8,46.8,50.3,5,1,1
35.6,56.7,33.7,72.9,2,4,1
37.6,82.0,24.3,43.6,14,2,0
36.1,65.5,17.8,59.8,4,3,1
36.4,78.1,42.6,73.5,9,5,0
36.1,56.8,33.9,68.1,2,4,2
35.4,81.9,27.8,58.4,2,2,0
30.0,68.3,15.0,81.7,11,2,0
34.7,70.2,20.6,57.6,13,5,0
33.1,66.6,33.1,42.0,0,2,0
31.3,58.9,30.8,66.5,14,1,0
38.7,65.0,12.4,44.2,4,2,0
38.8,59.7,33.1,53.7,14,1,0
37.9,76.5,15.5,68.2,7,4,1
35.1,62.6,38.8,57.4,11,5,0
37.9,47.0,29.7,67.8,0,3,1
34.5,44.8,24.3,50.4,2,4,1
35.0,44.3,35.9,70.6,14,5,0
31.8,72.4,30.8,45.1,2,5,1
35.5,51.2,38.6,75.2,13,1,0
34.7,68.6,28.6,57.2,1,1,0
31.2,66.6,29.1,77.3,9,2,0
34.4,64.2,25.7,53.6,5,2,0
34.3,70.3,30.1,81.2,6,1,0
39.0,66.9,41.6,52.4,10,1,0
36.7,32.5,24.0,44.1,2,5,1
34.5,61.1,33.2,62.4,5,1,0
35.1,70.1,21.0,74.3,8,3,0
34.6,84.7,11.5,69.9,5,1,1
34.0,85.2,29.7,73.6,3,4,0
31.8,48.6,31.0,70.1,0,4,1
34.1,60.8,27.1,53.8,9,3,0
32.6,46.2,16.0,69.7,0,2,0
31.4,83.2,30.4,62.9,2,1,0
35.8,77.2,30.1,54.9,3,3,1
35.5,69.2,20.9,63.8,10,4,0
30.0,67.0,17.2,61.4,1,1,0
34.2,81.6,26.0,76.2,4,5,1
37.0,79.5,33.2,56.9,1,5,1
37.1,78.9,31.3,56.4,7,4,1
37.1,70.5,21.0,55.0,2,5,1
34.6,60.8,29.1,81.0,2,2,0
32.4,74.2,35.1,55.6,4,4,2
31.8,74.8,18.6,75.0,3,4,1
35.4,62.7,28.5,51.7,0,4,0
35.4,60.8,38.7,67.1,6,4,1
37.7,78.6,17.8,64.6,7,1,0
37.2,85.0,37.2,74.3,6,5,1
34.2,56.0,41.0,72.9,6,4,1
31.4,61.8,26.2,62.8,14,1,0
33.7,69.2,25.3,56.6,4,4,2
35.0,70.8,36.3,78.2,5,5,0
34.0,58.7,26.5,55.6,7,1,0
33.1,87.6,9.2,39.3,1,5,0
35.1,70.1,27.2,43.4,14,2,1
33.2,71.4,31.8,45.8,7,2,2
32.9,86.1,33.9,68.0,10,3,0
35.3,59.6,21.0,84.1,4,4,0
33.5,63.9,25.8,41.6,10,1,0
35.1,50.0,35.8,54.2,13,2,0
35.2,62.9,27.5,62.9,8,5,0
31.7,47.1,15.8,77.5,3,2,0
33.3,74.0,37.9,54.1,10,2,0
38.1,70.0,26.3,67.9,12,4,0
31.6,61.7,36.7,59.5,10,2,0
29.2,63.8,16.8,88.1,9,1,0
29.8,74.1,27.0,63.4,6,3,0
34.6,51.4,32.1,65.6,2,1,0
34.6,67.5,27.3,62.8,10,2,0
34.2,73.4,18.5,57.9,6,4,1
37.5,43.6,8.9,71.5,3,4,0
27.8,73.2,40.2,50.4,7,5,0
35.5,44.9,30.0,42.0,0,5,1
38.4,63.6,37.3,60.5,7,1,0
31.7,51.0,35.4,70.2,8,3,0
33.6,82.2,32.8,56.2,5,1,0
32.6,51.1,25.4,63.9,10,5,0
32.3,45.2,31.9,49.8,8,1,0
33.7,66.6,39.5,72.6,5,4,1
38.1,60.0,28.7,68.5,10,1,0
39.1,46.9,43.2,62.2,1,1,0
33.7,71.3,16.0,63.7,7,5,1
39.3,41.1,15.1,48.1,2,1,0
34.6,52.6,35.9,48.5,9,3,0
38.9,58.1,21.5,60.8,0,3,0
34.3,74.6,44.3,67.1,12,4,0
34.8,80.5,38.7,67.6,0,5,1
35.4,78.2,40.7,58.4,7,3,1
42.4,63.2,35.1,69.5,9,4,0
36.6,35.9,20.6,76.2,6,5,1
32.7,69.7,14.7,61.1,3,1,0
36.9,82.6,40.0,65.1,3,3,1
33.6,79.8,16.0,59.9,12,2,0
33.3,70.6,40.7,60.7,1,5,2
36.8,50.7,33.4,63.7,10,4,0
34.6,58.7,27.4,79.0,4,4,0
35.2,88.2,31.5,71.2,0,1,0
34.5,48.0,31.7,70.3,6,5,1
35.3,51.2,26.4,57.5,1,1,0
35.6,76.3,39.4,53.0,11,3,0
29.7,59.8,39.1,65.9,11,4,0
36.2,50.8,29.2,74.4,3,5,1
32.0,83.3,23.2,79.2,11,2,0
30.9,70.5,38.4,37.5,10,2,0
34.4,60.4,11.8,86.5,10,1,0
34.7,51.3,31.6,66.2,1,4,2
32.8,89.6,33.9,71.1,1,1,0
36.6,64.7,21.4,44.6,2,4,2
31.1,81.8,35.8,59.6,12,1,0
33.5,75.7,27.8,70.2,4,3,1
33.0,58.7,23.6,50.3,7,3,1
34.4,58.8,35.7,33.1,7,3,1
35.2,82.4,19.3,65.4,14,2,0
32.0,82.6,35.0,61.5,2,1,0
36.3,42.5,12.1,76.4,11,4,0
34.7,71.6,30.3,60.4,1,5,2
29.8,63.5,28.4,61.1,14,2,0
29.6,52.6,23.7,69.0,8,3,0
34.5,68.1,31.1,72.3,3,1,0
33.9,48.8,27.4,54.9,6,1,0
34.2,59.4,36.4,71.4,10,2,0
34.4,55.4,32.5,56.8,6,4,1
35.1,59.0,31.6,62.2,1,4,2
36.9,64.1,30.3,68.7,4,4,2
31.7,52.8,24.2,70.5,13,1,0
31.6,83.9,25.6,65.2,5,1,0
31.8,70.9,30.0,51.2,7,2,0
35.2,86.5,26.6,43.3,2,2,2
37.6,63.1,36.9,60.1,0,3,1
33.4,58.4,28.7,71.7,4,3,1
28.2,86.1,31.0,66.5,13,1,0
30.2,58.1,16.8,64.4,8,5,0
32.4,62.9,35.5,61.9,5,4,1
33.1,73.6,23.4,65.1,7,2,0
33.5,50.1,19.7,52.1,12,4,0
34.6,73.5,41.2,69.8,13,2,0
33.7,72.0,33.6,70.5,4,1,0
37.1,80.2,35.8,58.4,12,4,0
32.8,75.7,31.6,66.4,12,1,0
32.3,80.6,27.3,44.8,0,2,2
35.7,63.7,25.8,63.8,13,2,0
30.7,54.6,34.2,60.7,3,5,1
35.5,90.3,37.1,74.6,11,3,0
34.8,46.7,27.5,60.0,13,4,0
34.1,47.9,44.6,70.7,8,5,0
38.5,71.8,26.4,58.1,4,5,0
32.9,84.5,16.8,39.1,12,4,0
39.7,67.3,14.2,59.7,7,2,0
33.9,77.0,14.5,64.0,11,3,0
31.3,41.1,24.7,63.5,10,1,0
34.7,59.0,26.1,63.7,4,3,1
31.8,42.5,33.5,56.9,8,3,0
32.6,74.4,27.8,58.8,3,5,2
35.5,46.4,34.7,50.7,0,1,0
35.9,49.7,28.4,42.0,10,4,0
32.9,71.2,28.1,60.9,3,2,2
37.0,77.7,23.4,54.5,7,1,2
37.4,63.1,39.4,72.8,1,3,1
38.1,71.8,15.7,40.2,9,5,0
35.8,71.5,30.4,64.9,2,3,1
37.9,62.4,26.5,83.2,3,1,0
29.8,51.9,34.3,60.2,2,2,0
33.7,71.8,27.8,62.0,13,4,0
32.3,72.4,28.1,66.3,9,2,0
34.8,75.7,25.9,67.0,9,2,0
33.1,68.7,39.1,57.9,6,2,0
34.1,51.0,28.0,51.9,12,1,0
39.2,73.3,43.8,68.5,0,4,0
34.1,65.0,30.2,42.9,6,2,0
35.5,59.2,28.2,70.3,1,2,0
33.9,61.5,26.8,58.1,10,2,0
34.7,56.7,32.5,62.0,14,4,0
34.5,75.7,23.3,56.7,11,5,0
35.6,48.0,29.2,76.3,2,4,1
37.4,53.1,28.1,64.5,11,3,0
38.6,61.1,30.6,58.8,3,4,0
35.3,84.4,30.8,58.5,5,2,0
36.0,77.7,31.2,60.5,8,5,0
31.6,45.3,28.8,86.0,6,4,0
34.3,81.2,40.6,48.8,2,5,1
36.9,81.2,31.4,72.8,7,2,0
36.7,50.9,48.8,67.7,2,1,0
35.0,34.7,28.4,77.4,10,4,0
36.7,64.1,35.7,68.3,1,2,0
35.7,78.5,22.2,62.0,12,2,0
37.5,84.1,39.2,72.2,14,4,0
35.2,54.6,22.4,64.3,11,3,0
33.6,86.0,31.6,69.5,9,4,0
35.3,38.3,25.9,76.3,6,2,0
27.2,60.6,31.6,62.9,7,1,0
35.5,60.0,26.1,57.8,7,3,1
25.4,78.8,21.7,55.6,13,5,0
30.2,80.6,25.8,66.5,1,3,1
35.6,76.5,40.3,53.2,8,5,0
35.7,48.8,31.7,58.5,8,5,0
31.6,75.4,17.7,52.3,3,5,1
32.7,71.1,36.8,67.1,6,3,1
37.9,44.9,20.9,54.5,7,2,0
33.3,40.2,33.9,49.1,0,5,0
40.1,77.5,32.4,50.9,7,3,0
34.5,62.8,32.9,56.3,2,2,0
35.5,49.6,42.8,57.2,5,3,1
38.5,62.5,21.4,64.5,4,4,0
34.8,69.4,32.9,60.4,11,2,0
32.0,64.0,38.1,65.7,14,5,2
34.2,46.4,22.9,66.5,1,2,0
34.4,87.6,22.0,69.4,3,2,0
31.1,77.1,25.7,42.9,2,1,0
33.9,61.0,30.6,50.7,7,5,0
32.6,61.5,16.7,67.5,5,5,1
36.8,69.3,32.4,64.1,6,2,0
34.6,51.4,16.7,71.8,1,3,1
33.8,68.9,38.3,46.6,13,4,0
34.2,49.0,32.1,57.2,14,4,0
35.1,64.2,43.3,59.0,13,4,0
36.0,51.0,33.4,63.7,7,2,0
32.0,51.6,25.6,62.4,10,1,0
31.9,84.7,21.6,66.7,0,5,1
37.3,65.7,29.9,60.9,9,5,0
33.5,67.5,27.8,75.7,9,5,0
31.0,40.9,37.5,78.9,11,1,0
35.6,57.8,20.6,50.8,11,4,0
35.7,70.5,44.2,62.5,0,2,0
30.7,67.3,38.2,70.0,6,2,0
35.1,39.2,26.4,67.9,7,3,1
36.3,67.5,42.4,57.9,7,2,0
35.4,69.4,21.7,64.5,8,3,0
36.1,80.4,29.6,46.2,10,3,0
31.0,57.1,17.8,61.8,8,5,0
35.3,38.1,42.8,47.4,3,5,2
33.7,53.0,14.8,67.1,9,4,0
33.3,51.8,16.5,50.8,8,5,0
36.7,73.8,22.9,63.6,2,3,1
38.2,32.4,38.6,65.2,9,1,0
39.0,59.6,35.6,62.8,7,5,0
37.8,82.1,29.0,55.7,12,2,0
34.2,65.1,36.2,59.9,5,3,1
35.4,75.8,27.1,73.8,13,2,0
36.4,45.3,31.4,57.8,8,5,0
34.8,45.8,41.2,62.2,14,2,0
34.8,82.2,26.0,56.4,1,4,1
36.6,66.2,21.9,72.2,1,4,1
34.4,66.2,31.8,62.8,3,3,1
32.7,51.6,33.9,54.4,12,3,0
33.5,66.2,28.9,62.1,7,1,0
36.1,51.2,36.0,59.6,10,5,0
34.5,79.2,26.4,75.9,0,2,0
35.4,97.7,29.0,61.6,5,2,0
36.2,70.8,31.0,48.2,5,2,0
33.6,57.4,30.3,67.0,13,2,0
36.4,34.6,40.9,79.9,1,4,0
35.4,44.8,31.0,74.0,12,3,0
31.4,83.7,25.6,51.0,5,5,1
38.1,52.6,32.2,59.3,11,5,1
33.2,60.5,36.1,61.7,4,2,0
30.4,72.9,34.2,61.8,0,5,1
31.9,82.8,33.8,65.8,10,4,0
31.9,62.6,16.0,58.6,2,5,1
34.6,60.1,8.1,52.8,2,1,0
33.8,65.9,38.2,71.5,13,3,0
33.7,57.5,31.5,50.8,3,4,2
36.0,58.1,27.8,54.0,14,2,0
35.3,69.9,33.6,50.7,5,4,1
35.3,67.2,43.4,68.1,4,4,2
35.5,90.6,39.3,63.1,6,1,0
36.0,70.3,35.7,70.8,4,5,1
29.2,78.8,20.9,54.1,13,5,0
33.6,52.1,21.9,49.5,9,2,0
29.0,71.3,8.9,57.6,11,1,0
34.6,56.3,33.1,60.2,1,1,0
34.5,69.7,36.9,64.1,3,1,0
37.1,73.3,37.5,45.2,8,1,0
37.5,65.6,33.4,66.8,7,2,0
35.0,93.9,26.8,53.1,14,4,0
33.2,82.1,23.5,55.5,10,4,0
35.7,79.1,21.4,73.7,4,3,1
33.2,74.2,26.7,40.2,6,4,1
34.5,86.2,20.2,65.2,11,1,0
37.0,47.8,42.0,65.2,6,5,1
33.1,81.4,17.6,53.8,7,1,0
36.5,53.1,26.4,57.5,11,2,0
36.2,58.2,12.5,74.2,4,4,1
32.1,71.7,30.4,81.6,1,1,0
36.9,79.8,28.0,72.6,6,3,1
36.2,51.2,25.1,80.9,3,5,0
34.8,58.8,20.5,55.1,8,2,0
32.6,66.2,28.0,46.2,12,4,1
32.4,62.8,23.6,61.5,11,4,0
33.2,75.2,26.9,70.0,10,1,0
35.9,106.2,43.7,43.5,8,1,0
32.1,70.0,29.4,52.7,13,1,1
35.6,56.2,32.3,53.8,13,1,0
31.4,49.4,24.3,65.6,11,3,0
34.0,61.1,21.7,64.3,1,2,0
34.8,53.7,27.8,54.2,4,3,1
40.6,70.6,48.0,63.8,14,2,0
31.1,70.4,25.7,50.6,1,2,0
38.2,59.4,30.9,57.7,8,1,0
34.9,88.8,21.4,49.4,9,4,0
35.5,56.2,6.0,60.5,5,1,2
34.8,63.6,21.7,54.0,10,5,0
35.6,72.7,47.0,68.9,1,1,0
34.1,75.7,32.8,61.7,3,5,1
38.1,80.3,41.1,59.7,4,4,0
33.4,70.1,25.2,79.7,2,5,0
37.3,77.6,9.1,65.8,6,5,0
32.9,57.0,19.1,58.3,7,3,1
34.3,76.0,31.2,56.2,14,1,0
31.8,75.9,29.9,50.2,7,4,1
35.6,83.2,27.9,61.3,11,4,0
38.1,45.0,23.8,65.1,1,5,0
34.3,54.1,35.5,42.9,0,2,0
34.0,74.9,24.0,48.4,5,5,1
31.7,33.2,30.5,56.8,4,5,1
33.9,70.9,29.6,51.0,13,4,0
30.5,77.7,25.1,62.4,7,2,0
32.2,58.1,20.9,63.8,7,2,0
35.1,59.8,24.6,60.8,12,1,0
37.8,52.1,43.0,67.5,12,5,0
41.5,58.7,36.9,56.2,11,3,0
33.0,59.1,36.2,61.5,6,2,0
38.1,56.8,21.7,52.0,3,1,1
35.1,56.1,16.5,64.8,0,3,1
34.1,61.7,36.8,62.8,0,1,0
35.6,61.6,35.2,50.0,12,5,0
34.7,87.5,29.1,60.4,1,2,0
34.8,60.3,25.0,61.6,6,3,1
33.5,69.1,16.3,64.8,7,4,1
31.0,58.1,34.9,65.2,8,4,0
30.6,57.9,37.5,54.8,1,1,0
36.1,44.5,22.6,69.6,7,1,0
33.8,46.1,21.9,67.2,3,2,0
33.0,50.5,37.9,54.8,5,4,1
34.5,67.2,22.9,50.6,12,5,0
36.5,77.9,42.2,55.5,6,5,1
35.0,43.6,27.1,47.3,6,2,0
32.9,58.4,24.9,64.1,0,4,2
37.6,48.6,28.4,73.8,14,1,0
38.4,61.8,24.9,76.2,8,1,0
35.7,77.9,37.0,51.1,11,3,0
36.9,59.6,35.1,69.9,6,1,0
37.6,64.4,36.7,62.8,3,1,0
37.3,82.5,29.5,38.0,4,5,1
36.0,70.5,24.3,58.7,0,5,2
36.0,55.9,27.9,57.6,13,4,0
35.8,66.9,24.6,74.1,7,2,0
31.8,55.1,39.7,53.3,5,1,0
36.3,70.0,36.0,67.6,10,1,1
31.1,71.2,27.3,60.9,1,3,1
32.5,48.6,20.6,47.5,7,5,1
37.8,67.1,40.3,56.5,6,3,1
36.6,63.6,29.1,77.3,13,5,0
38.2,71.5,27.0,60.3,11,5,0
33.8,75.0,40.4,71.1,11,4,2
31.6,70.7,23.9,70.5,3,1,0
33.9,61.4,25.4,57.5,7,2,0
34.8,76.2,26.2,49.2,14,2,0
34.7,54.5,17.5,50.5,0,3,1
37.3,49.2,30.5,76.5,9,4,0
33.6,26.7,21.9,63.5,5,5,1
35.4,64.2,23.4,44.7,11,5,0
32.0,55.1,22.4,70.3,7,3,1
35.6,69.8,23.3,44.1,10,5,0
34.5,41.3,21.3,53.7,3,5,1
32.6,57.2,30.0,62.8,13,1,0
33.9,70.6,26.8,87.2,12,4,0
34.0,52.6,28.4,70.2,9,3,0
33.8,69.9,46.8,57.2,6,5,1
38.9,58.3,26.8,62.3,2,5,0
34.3,64.6,32.8,71.2,3,1,0
33.9,72.1,33.7,76.2,5,4,1
29.3,76.4,27.5,59.5,11,5,0
32.3,66.1,30.2,59.8,14,4,0
33.8,55.2,28.2,53.7,9,5,0
32.8,59.5,29.6,68.7,14,4,0
38.0,72.6,23.3,72.3,2,4,1
34.1,52.7,24.0,42.6,11,5,0
37.7,62.9,28.1,58.0,7,5,1
34.7,60.4,12.2,49.9,2,1,0
34.6,63.8,40.0,63.5,10,4,0
34.3,52.9,45.3,49.6,13,2,0
34.5,42.8,29.4,48.8,6,3,1
38.8,71.2,33.3,73.2,3,4,0
28.7,76.6,36.6,60.3,4,4,0
29.5,43.5,17.4,61.4,9,1,0
33.1,69.4,35.4,66.3,10,5,0
34.5,78.0,24.6,71.7,3,4,1
36.2,72.2,46.3,57.8,10,4,0
35.7,60.0,26.5,58.0,11,4,0
33.5,53.7,35.3,58.1,0,3,1
37.0,66.0,26.6,72.8,5,2,0
37.1,68.0,45.6,61.3,3,3,1
35.0,66.1,23.9,59.1,11,2,0
36.9,62.8,37.3,65.9,9,5,0
35.2,52.0,33.0,80.3,8,1,0
33.1,70.1,31.2,62.7,3,1,0
36.2,70.7,29.8,59.3,7,4,1
34.8,67.4,22.7,81.4,14,4,0
34.5,66.3,7.3,75.3,14,3,0
38.2,85.2,36.6,73.8,2,3,0
28.4,57.5,24.1,57.0,7,1,0
31.0,80.4,37.4,56.0,11,5,0
31.5,56.2,30.8,43.7,4,5,1
33.6,78.3,37.6,71.6,14,2,0
33.9,79.8,34.4,62.8,6,1,0
30.7,61.5,8.3,44.0,5,3,0
32.0,84.9,32.9,74.0,14,2,0
32.3,70.6,25.3,58.6,9,1,1
40.6,54.5,37.3,59.9,0,1,0
39.0,60.5,32.7,46.9,1,4,0
33.5,78.6,32.8,66.9,14,2,0
33.6,76.1,25.8,67.0,9,4,0
31.6,52.3,20.7,61.5,13,2,0
29.7,63.3,24.5,57.8,14,4,0
34.2,67.4,13.6,88.3,11,2,0
32.0,58.9,23.3,50.0,14,3,0
34.3,93.3,16.3,54.8,14,4,0
30.5,67.8,16.5,69.1,6,2,0
32.6,64.3,28.9,51.9,9,5,0
34.9,79.3,32.3,51.1,12,4,0
35.4,60.6,27.7,73.3,14,2,0
35.5,77.1,24.0,68.1,12,5,0
31.2,45.0,20.4,66.8,12,3,0
36.6,59.6,25.5,63.8,4,4,2
32.5,77.6,21.4,55.1,6,2,0
36.1,83.8,27.5,59.5,12,1,0
34.5,55.7,15.8,61.2,1,3,1
31.1,54.3,33.6,70.5,2,3,1
33.7,71.8,23.5,66.3,11,4,1
35.4,57.5,31.0,52.7,14,4,0
36.0,61.8,35.1,69.9,6,4,1
34.1,75.5,30.6,45.2,12,3,0
38.3,58.5,34.4,58.8,5,1,0
37.0,41.4,11.5,50.6,7,3,0
33.9,49.4,24.1,53.4,14,5,0
36.4,65.1,36.8,81.3,5,5,0
39.3,42.6,32.1,47.3,13,1,0
39.4,61.4,42.8,53.8,14,5,0
31.4,48.3,41.6,67.1,11,1,0
32.2,84.7,30.4,57.3,1,1,0
38.2,91.0,26.0,63.6,14,1,0
31.9,52.3,20.3,76.3,7,3,1
31.2,68.1,24.2,68.5,4,1,0
33.3,53.5,24.7,57.3,7,4,1
35.6,61.3,23.3,60.7,6,3,1
34.2,86.6,20.7,67.3,5,5,0
32.9,59.4,31.2,68.3,10,2,0
32.8,61.6,41.6,62.2,1,2,0
32.7,53.7,35.5,65.6,9,3,0
32.3,78.8,25.4,65.6,3,1,0
40.2,25.8,36.1,61.1,11,3,0
35.2,59.7,30.8,55.9,14,3,0
36.7,64.4,27.7,69.4,7,4,1
33.3,57.1,27.2,64.9,12,3,0
34.0,75.4,26.4,41.2,4,1,0
32.7,79.4,33.2,53.7,12,2,0
27.9,48.1,29.1,57.2,8,1,0
31.1,90.1,22.2,60.0,7,5,0
30.0,47.9,21.8,74.0,1,3,0
28.9,80.5,30.4,94.0,9,2,0
31.5,66.8,31.4,37.4,11,2,0
37.8,59.0,25.5,65.0,7,1,0
34.4,60.1,18.9,62.7,2,3,1
37.7,64.6,38.0,60.2,10,1,0
35.5,67.5,36.3,67.4,9,4,0
36.5,54.0,12.1,63.5,12,2,0
32.2,62.2,38.7,58.4,14,1,0
35.8,55.8,26.3,62.3,3,1,0
36.3,50.4,29.5,67.6,4,1,1
33.1,55.2,37.1,66.6,14,2,0
35.9,51.2,41.2,63.9,1,1,0
35.9,60.0,36.0,56.2,13,1,0
33.1,70.2,29.9,90.2,2,2,0
31.7,66.4,17.0,65.6,6,3,1
31.5,88.7,11.8,69.6,2,2,0
34.7,38.5,35.0,56.9,14,3,0
35.3,70.6,38.7,63.9,7,3,1
32.5,65.1,21.5,63.8,13,3,0
34.6,74.8,25.8,42.9,0,1,0
35.9,73.6,23.5,54.8,0,5,2
36.0,63.0,23.3,54.6,7,1,0
38.4,67.1,36.6,56.0,0,5,0
37.7,56.1,29.7,51.3,8,2,0
32.0,72.4,26.2,62.4,10,3,0
38.7,42.5,49.3,76.0,7,1,0
33.2,74.3,16.5,63.3,11,2,0
37.1,64.7,32.4,50.2,1,5,1
34.7,59.2,19.6,51.7,3,4,2
33.5,62.2,26.7,58.2,2,4,2
30.0,63.1,29.2,47.8,7,2,0
34.1,80.6,34.8,65.0,5,5,1
30.6,103.8,25.9,75.5,8,4,0
36.9,79.6,25.1,56.2,2,2,0
38.3,58.2,25.8,62.8,6,4,0
32.5,72.6,19.4,57.7,11,2,0
35.3,73.1,33.1,55.7,1,1,0
32.7,53.9,30.3,63.9,11,4,0
32.9,49.9,31.5,55.4,3,3,1
36.4,64.2,27.4,53.9,13,1,0
34.4,74.7,26.5,45.8,12,5,0
38.8,45.7,37.4,62.6,6,4,0
33.3,56.3,36.2,72.7,1,3,1
37.0,71.9,39.3,69.1,5,5,1
34.7,65.5,31.0,76.9,9,4,0
36.5,82.0,38.8,55.3,5,5,1
33.4,48.1,24.7,70.5,9,4,0
34.4,93.2,26.4,51.0,12,1,0
34.2,46.5,37.6,69.1,14,3,0
32.4,40.7,34.7,78.4,5,3,0
36.2,64.3,25.7,67.0,14,2,1
36.1,51.4,19.6,78.6,3,2,0
36.0,64.5,26.4,56.0,14,3,0
38.3,64.1,22.5,60.7,2,3,0
38.1,62.7,41.8,52.8,8,1,0
33.6,54.9,34.1,62.3,10,3,0
35.4,70.2,21.9,64.7,0,3,1
32.9,61.2,19.6,62.3,6,5,1
34.6,78.2,21.8,57.3,4,1,0
33.0,62.8,23.5,57.1,12,3,0
38.6,53.4,26.7,65.5,7,5,0
35.4,44.7,36.9,60.4,1,2,0
34.0,62.9,20.3,50.5,0,4,2
37.5,49.8,46.3,43.0,0,2,0
29.1,48.8,20.5,56.0,0,1,0
29.5,71.3,16.7,48.2,7,4,2
36.5,43.7,41.5,53.6,4,4,1
34.7,81.9,38.6,57.8,3,5,1
35.1,66.9,26.5,60.5,5,4,1
31.2,64.5,31.1,55.3,6,2,0
34.4,52.6,31.3,83.9,8,4,0
39.5,74.2,29.1,49.4,7,1,0
36.6,65.0,17.6,74.1,13,2,0
34.9,56.8,8.1,60.4,5,2,0
33.4,67.4,21.2,55.4,5,3,1
33.5,44.8,42.5,67.9,6,4,1
29.2,45.4,42.8,57.5,0,3,0
35.1,51.6,25.9,53.9,11,1,0
36.6,69.2,20.3,79.9,8,2,0
30.6,65.0,30.2,40.1,5,1,0
32.8,77.6,31.5,59.6,5,3,1
31.6,54.0,32.8,63.9,7,4,2
32.1,71.9,7.8,76.1,13,2,0
34.6,63.6,53.3,58.0,5,3,1
29.3,53.7,37.1,88.6,6,5,0
36.0,69.6,26.4,69.6,2,1,0
36.4,64.2,22.3,38.3,4,5,2
33.9,57.5,35.9,47.5,11,2,1
28.3,65.5,32.0,64.4,10,2,0
32.0,63.4,28.7,50.6,12,4,0
37.6,63.2,31.7,67.5,7,2,0
27.6,60.0,27.1,57.5,13,3,0
33.6,49.3,31.2,50.0,8,2,0
31.5,65.9,33.8,52.4,1,1,0
36.5,55.4,30.7,70.5,2,5,1
32.8,52.8,30.3,41.8,7,1,0
35.5,62.1,39.1,72.5,5,1,0
35.9,73.8,15.2,72.7,1,5,1
39.1,67.2,21.6,58.7,0,4,0
34.0,58.6,28.2,48.0,9,2,0
35.4,58.1,22.2,67.6,11,5,0
30.8,72.6,24.8,57.1,3,4,1
37.5,36.2,38.3,46.8,3,2,0
32.6,74.6,26.8,81.1,8,1,0
33.1,42.5,13.4,53.2,1,4,1
34.4,48.0,24.6,47.3,12,4,0
30.6,58.8,28.5,64.9,8,3,0
35.1,91.0,28.3,61.3,5,2,0
36.9,85.1,32.4,76.9,8,2,0
35.2,73.5,31.8,58.2,2,2,0
30.5,69.3,26.9,58.3,4,5,1
34.2,42.7,18.5,65.4,7,2,0
36.4,66.9,24.5,64.0,14,3,0
29.8,58.4,23.0,64.3,12,4,0
31.8,55.2,25.7,64.7,9,1,0
36.7,66.9,33.5,63.6,5,3,1
35.2,59.3,31.2,57.8,13,4,0
35.5,75.4,34.6,70.3,1,3,1
39.1,41.8,24.9,58.4,4,4,0
35.7,65.9,40.1,70.0,6,3,1
36.1,54.5,33.4,75.9,8,4,0
41.3,60.1,28.9,55.2,10,5,0
34.0,68.7,32.8,86.0,6,2,0
32.5,51.6,22.6,54.9,14,2,0
35.6,67.0,11.1,54.9,6,4,0
35.6,62.5,23.1,67.4,9,1,0
33.2,57.1,34.0,66.4,0,2,0
31.9,59.4,28.6,62.7,2,1,0
40.3,63.1,26.9,70.2,3,3,0
35.3,55.8,21.2,64.5,0,1,0
32.7,65.1,12.4,82.7,13,2,0
36.8,61.7,39.4,61.5,9,3,0
34.2,57.7,26.3,53.5,12,4,0
33.9,84.1,24.6,56.5,4,3,1
35.9,70.0,22.6,66.7,1,5,2
31.3,60.4,38.0,66.9,4,4,1
35.4,66.8,35.1,64.1,0,1,0
39.3,52.7,20.3,53.5,4,4,0
35.7,59.8,37.3,73.1,1,1,0
33.6,61.2,26.8,81.4,3,1,0
33.2,50.0,23.1,62.3,9,4,0
33.5,69.6,25.7,80.1,14,3,0
33.9,58.9,21.7,70.7,3,2,0
33.6,60.7,17.4,84.2,14,1,0
36.8,58.2,34.2,66.7,11,2,0
30.2,100.5,26.2,63.4,1,4,0
36.7,57.0,32.9,70.4,0,3,1
33.6,40.2,30.3,57.7,1,1,0
35.4,45.8,32.4,66.1,10,3,0
31.7,74.1,11.6,75.3,10,2,0
37.8,81.0,21.1,70.2,13,1,0
37.6,56.8,32.6,61.7,7,1,2
36.9,80.3,17.8,64.0,0,4,1
30.7,73.9,31.0,69.6,14,1,0
36.6,62.7,16.9,69.2,13,1,1
35.5,61.9,28.1,69.5,10,5,0
30.5,67.2,40.9,65.4,13,5,0
34.4,75.5,34.2,53.8,4,3,1
35.4,69.8,13.2,55.3,8,4,0
35.9,56.9,34.8,66.6,7,1,0
34.9,62.9,42.6,70.3,4,1,0
35.2,88.8,50.4,69.0,14,2,0
38.2,68.0,31.8,55.2,8,4,0
37.6,75.4,17.1,60.5,13,1,0
27.3,71.5,31.5,50.3,4,4,0
33.7,68.3,40.8,48.1,7,1,0
34.1,66.3,26.5,62.8,13,5,0
30.1,75.8,36.3,75.6,2,2,0
34.7,73.6,21.3,63.0,8,4,0
37.6,68.2,31.0,81.1,11,4,0
31.8,56.7,8.1,60.4,11,2,0
35.3,69.6,20.4,62.3,11,4,0
32.2,64.2,28.0,52.1,9,4,0
32.8,61.3,25.1,58.5,0,3,1
38.2,97.1,17.6,50.1,4,4,0
33.1,46.5,24.0,46.5,11,2,0
35.7,76.5,30.6,50.3,7,4,1
29.8,54.6,27.3,62.9,5,4,0
39.2,66.6,28.5,54.6,13,3,0
36.0,95.8,33.9,57.0,5,4,0
34.0,53.5,25.3,66.1,5,5,1
35.9,56.3,38.9,46.5,6,4,1
31.0,64.8,20.1,62.8,5,2,0
37.5,54.8,43.4,70.5,7,2,0
33.7,75.6,36.9,71.3,14,5,0
34.0,58.6,25.2,67.2,14,5,0
33.3,72.8,25.7,61.5,5,2,0
33.0,49.0,29.7,55.8,5,4,1
36.2,43.3,32.8,61.2,12,1,0
35.1,62.3,36.8,78.5,8,4,0
36.1,46.2,17.3,64.7,2,2,0
34.5,83.2,31.5,60.9,8,2,0
35.8,46.6,11.1,67.6,11,5,0
33.5,52.5,26.6,62.5,6,1,0
40.1,70.0,39.6,64.3,9,4,0
30.6,58.0,16.7,59.5,11,3,0
37.7,46.8,15.2,57.9,1,3,1
37.9,89.5,29.8,72.0,14,3,2
32.4,53.0,39.1,42.5,0,5,2
40.1,62.6,30.6,66.8,1,3,0
37.0,62.5,12.8,57.2,4,2,0
36.9,73.5,14.5,42.9,0,1,0
34.6,70.5,28.8,52.3,9,2,2
34.0,55.1,18.6,61.6,7,1,0
34.0,61.1,29.1,63.0,5,1,0
35.5,62.3,29.6,69.4,14,5,0
38.0,74.0,24.1,70.1,4,3,0
35.0,51.0,42.5,46.5,13,5,0
32.2,89.2,32.7,65.8,8,3,0
36.6,55.9,37.7,69.3,10,2,0
36.8,64.9,35.4,64.2,14,1,0
36.1,51.1,26.8,67.0,3,4,2
36.4,49.4,26.4,42.7,1,1,0
33.8,54.5,25.6,52.1,11,1,0
32.2,53.4,33.4,75.7,9,2,0
32.3,60.0,22.8,59.2,2,2,0
30.4,53.3,41.8,84.2,13,2,0
35.1,73.3,22.0,49.2,10,3,0
34.3,55.6,29.7,77.6,8,3,0
33.4,54.3,26.2,55.9,1,3,1
27.1,60.3,24.4,70.6,14,3,0
31.4,76.9,45.4,59.0,7,4,1
37.3,67.6,24.5,63.2,8,1,0
32.8,63.8,25.6,68.0,0,2,0
35.4,47.8,22.7,55.9,10,1,0
31.0,51.3,28.3,70.0,12,5,0
38.1,49.7,27.2,59.3,11,4,0
34.1,80.7,19.0,63.8,5,5,1
35.2,71.4,24.6,35.5,2,4,2
40.3,54.7,32.9,58.6,6,1,0
38.3,58.2,36.2,74.6,8,3,0
33.7,55.1,28.2,68.9,4,5,2
33.0,54.4,28.5,70.9,9,3,0
33.7,70.5,25.1,62.5,13,3,0
35.8,61.5,24.0,78.8,1,5,0
34.2,90.0,20.6,64.9,3,4,0
33.5,80.0,15.5,55.4,6,4,1
38.2,80.7,22.4,70.6,2,4,0
34.2,73.1,35.2,71.2,11,2,0
40.2,59.9,24.6,68.3,0,5,0
34.7,72.2,25.2,58.0,0,5,2
39.0,60.8,25.1,64.8,5,1,0
35.4,84.6,38.0,75.9,6,3,1
36.9,69.9,20.6,66.8,10,2,0
32.7,68.1,30.2,47.2,2,3,1
32.4,66.5,27.5,55.7,11,5,0
35.6,85.9,28.5,55.2,2,4,0
37.0,47.8,30.0,54.5,14,4,0
34.6,87.1,28.5,40.9,7,3,0
31.3,62.8,34.3,80.9,11,1,0
31.1,48.1,27.8,53.2,0,5,1
30.9,56.0,42.0,54.0,10,1,0
30.1,45.2,28.4,42.6,6,1,0
34.8,72.8,14.4,70.7,7,4,1
37.3,52.5,33.1,61.1,0,3,1
34.5,67.0,31.1,58.5,9,3,0
28.8,78.6,28.3,59.0,13,1,0
34.0,56.9,25.9,67.9,14,1,1
34.1,61.8,11.1,57.2,13,4,0
39.7,49.4,12.4,42.1,10,3,0
30.9,60.3,41.2,49.1,3,2,0
33.5,95.9,23.3,48.6,5,3,0
38.8,74.3,35.7,64.8,0,3,0
35.6,61.8,15.2,71.3,3,5,1
35.9,57.7,19.6,76.7,3,5,1
34.8,64.5,33.4,45.7,10,3,0
35.3,66.6,27.2,68.2,0,1,0
36.4,60.0,32.3,55.8,13,3,0
32.5,71.4,27.9,91.2,11,1,0
36.7,53.6,26.3,75.8,10,4,0
31.1,53.5,22.6,79.0,8,3,0
35.3,69.4,18.4,70.0,3,5,1
34.9,51.0,39.2,65.8,8,3,0
33.0,73.7,40.5,58.0,9,3,0
34.4,64.8,19.7,56.0,12,1,0
32.9,43.1,19.2,54.0,10,5,0
31.8,66.3,25.2,68.2,12,2,0
33.6,44.8,30.7,77.6,6,4,1
31.7,73.3,26.5,58.4,6,2,0
35.3,62.0,32.0,54.8,11,2,0
31.6,87.2,27.6,47.2,9,2,0
36.3,77.9,27.1,64.4,5,5,1
31.5,52.3,47.3,74.3,6,4,1
33.1,40.8,23.8,74.8,8,4,0
32.9,55.9,41.1,75.8,9,2,0
37.8,50.3,39.6,66.2,5,4,1
35.3,86.9,32.0,62.9,2,3,0
34.0,64.9,12.6,74.8,13,4,0
35.7,76.2,28.2,50.9,4,2,0
29.2,61.6,23.9,57.6,2,3,0
34.4,62.8,28.2,79.1,3,5,0
39.5,64.6,19.5,51.3,13,1,0
34.8,78.3,34.1,61.7,2,4,1
34.7,68.7,35.9,68.3,10,4,0
35.9,52.3,37.4,62.8,6,3,1
36.7,84.5,24.9,73.5,9,5,0
29.5,61.5,19.5,77.3,10,4,0
30.3,59.5,30.8,66.8,3,3,1
35.0,31.0,42.0,75.9,5,2,0
32.7,72.6,28.6,52.7,11,4,0
37.8,66.2,31.6,60.4,14,1,0
33.7,66.2,26.1,86.1,12,2,0
29.7,60.2,24.0,81.4,4,3,0
31.3,58.1,33.3,49.2,3,2,0
27.6,60.6,27.2,61.9,14,3,0
33.9,70.6,31.2,63.4,10,5,0
34.0,72.7,32.1,66.2,2,2,0
33.4,62.2,30.8,74.7,9,3,0
37.2,76.4,32.5,80.4,4,3,0
37.5,64.1,21.2,62.4,2,4,1
34.1,58.9,20.7,73.2,2,4,1
29.2,67.4,27.7,68.5,5,2,0
36.0,48.7,27.9,61.8,3,5,1
35.9,67.8,23.8,45.0,11,4,0
35.3,46.5,29.9,72.2,2,5,0
37.0,52.7,35.3,68.1,2,5,2
31.6,40.8,37.5,65.9,9,3,0
39.5,62.9,39.3,52.2,6,4,0
32.1,84.3,17.5,81.6,3,4,0
36.4,63.6,18.7,63.5,1,4,2
30.3,72.7,25.7,50.6,1,3,0
32.2,93.2,28.6,49.0,4,2,0
38.3,69.8,26.1,68.8,3,2,0
33.8,55.8,23.6,69.1,8,4,0
36.6,57.5,25.6,57.4,10,4,0
35.1,65.0,31.9,66.6,2,3,1
34.2,57.4,17.4,68.7,6,1,0
37.9,58.3,46.7,63.4,6,1,0
33.9,76.8,28.2,55.0,2,5,1
30.0,77.3,36.4,71.6,7,1,0
32.5,45.2,23.4,70.4,0,2,0
35.9,55.2,32.6,67.7,4,1,0
35.5,59.4,28.8,53.7,10,2,0
30.6,72.2,34.9,48.7,3,5,0
32.7,78.7,26.4,62.8,10,2,0
33.0,97.4,40.4,71.3,1,5,0
33.6,59.4,16.1,72.4,6,5,1
31.1,60.0,35.6,67.8,13,4,0
32.9,72.1,28.9,57.5,7,2,0
32.7,56.8,19.9,54.0,12,5,0
36.4,63.3,43.6,61.8,3,4,2
36.5,60.0,42.8,61.9,2,4,2
34.1,33.5,11.4,73.1,7,2,0
33.5,66.5,29.4,57.2,3,4,2
34.8,62.8,33.6,58.0,10,4,0
32.5,80.3,31.5,82.5,5,3,0
31.6,65.1,40.1,77.5,11,3,0
32.1,49.9,38.5,53.2,0,4,1
32.9,61.9,30.1,76.7,5,5,1
31.6,39.9,46.2,50.8,3,5,1
34.9,50.5,35.5,57.7,10,2,0
36.3,72.6,25.2,58.8,3,5,2
30.5,62.0,23.6,61.2,7,2,0
34.6,76.1,37.9,68.2,5,2,0
34.0,41.4,21.7,63.1,11,1,0
35.4,62.1,24.7,68.1,5,4,1
34.5,59.3,26.1,58.0,10,3,0
30.9,76.5,30.8,65.7,1,5,1
31.3,73.1,26.5,62.8,11,5,0
34.6,72.7,17.5,48.1,9,3,0
37.1,83.5,37.3,66.8,2,2,0
29.0,60.6,24.8,63.0,1,1,0
35.4,81.0,44.2,54.9,4,5,1
37.5,52.5,30.4,57.8,14,2,0
34.1,52.0,38.1,58.0,3,1,0
35.9,74.0,33.0,59.6,7,2,0
32.7,46.9,38.5,79.6,6,5,0
34.2,71.9,32.6,82.9,4,1,0
30.4,66.2,29.9,34.7,6,4,1
28.6,77.9,36.7,66.9,2,3,0
36.9,64.3,47.9,71.5,10,5,0
32.0,65.7,25.8,59.8,2,3,1
33.4,71.1,34.4,71.3,8,3,0
31.0,57.0,28.0,78.5,4,3,0
31.0,56.5,32.0,48.3,8,4,0
34.1,70.7,28.3,63.3,8,1,0
32.7,64.6,10.7,81.6,9,1,2
35.4,60.1,26.4,49.6,9,3,0
35.6,64.0,36.0,60.8,4,2,0
35.3,84.1,21.9,57.5,8,1,0
35.1,59.7,35.4,72.5,3,4,1
38.4,59.3,29.5,73.9,5,4,0
31.8,44.5,26.5,63.6,3,1,0
34.4,64.5,35.2,62.3,8,1,0
37.3,72.9,33.4,44.8,11,4,0
37.7,75.0,31.4,76.2,9,3,0
30.9,66.3,36.1,58.5,1,2,0
33.7,76.5,29.6,60.6,1,3,1
37.9,73.8,14.8,71.7,4,2,0
35.8,78.4,25.0,64.0,8,1,0
35.0,76.8,13.6,72.0,4,4,1
34.0,83.8,33.3,68.0,14,4,0
33.5,63.0,35.2,64.0,8,1,0
35.2,49.1,35.5,65.1,13,2,2
33.9,73.0,31.9,50.8,13,4,0
34.4,74.4,35.7,60.5,1,4,2
34.7,83.8,15.4,72.8,13,5,0
32.8,80.4,27.1,53.0,0,4,1
35.8,88.3,16.7,54.8,1,1,0
41.8,72.4,25.1,53.2,8,2,0
30.1,67.7,40.9,63.5,8,2,0
35.3,48.4,36.7,76.0,9,5,0
32.6,68.7,33.3,67.5,0,1,0
35.9,58.4,26.5,40.2,1,2,0
34.6,67.5,20.1,68.5,11,3,0
36.4,65.7,29.5,57.6,8,2,0
37.4,70.7,36.9,67.1,5,4,1
35.0,63.8,31.3,60.5,2,1,0
37.3,76.2,15.3,53.4,3,5,1
28.6,32.3,28.8,61.3,4,3,2
38.5,67.3,12.7,57.6,7,2,0
35.4,79.4,34.4,65.1,12,5,0
37.2,87.4,22.5,53.1,6,1,0
31.5,73.8,18.2,50.8,6,3,1
32.4,85.2,34.5,69.3,14,1,0
34.9,67.0,32.5,73.1,1,3,1
34.5,65.0,29.9,67.8,0,2,0
35.2,71.4,45.5,55.5,14,4,0
37.2,65.0,33.1,54.6,14,3,0
30.1,55.6,22.8,55.2,6,4,1
36.9,58.8,32.2,70.9,3,5,1
34.5,51.7,25.7,53.7,1,5,2
34.0,71.3,38.1,70.8,2,2,0
30.8,65.1,30.2,68.4,13,3,0
35.8,60.7,31.0,74.4,11,4,0
28.5,58.2,16.5,72.6,12,1,0
36.1,71.1,28.5,67.4,7,3,1
30.8,74.4,27.5,47.3,9,3,0
34.6,51.4,19.8,68.1,13,5,0
34.2,49.5,26.2,63.2,5,1,0
37.4,76.5,31.5,58.3,8,5,0
34.1,48.5,28.0,75.6,4,2,0
32.8,71.6,16.7,60.5,7,5,1
33.2,84.4,25.8,56.7,3,4,1
37.7,84.4,24.3,73.2,3,3,1
35.8,73.9,29.5,57.9,5,1,0
33.5,73.5,28.7,56.2,14,2,0
33.9,92.0,24.7,50.7,4,4,0
30.6,37.0,24.4,53.8,9,2,1
35.5,59.4,28.5,54.7,8,4,0
30.1,75.2,35.7,68.2,9,2,1
36.4,61.0,30.2,51.8,1,1,0
34.8,79.9,39.4,43.4,11,4,0
40.5,64.5,37.1,65.0,11,5,0
31.7,66.6,40.0,55.7,1,5,1
34.2,61.7,38.9,61.8,5,3,1
39.0,58.7,40.5,74.8,12,4,0
37.5,58.4,18.8,62.7,3,4,1
32.8,68.3,33.2,77.1,7,3,1
35.1,55.7,37.7,61.3,12,1,0
34.5,76.4,39.2,72.1,12,2,0
35.2,72.8,21.8,56.5,5,2,0
32.8,78.2,33.3,63.1,10,4,0
34.3,51.5,28.6,52.7,13,2,0
30.5,44.6,42.8,53.9,6,2,0
34.8,64.9,16.9,59.8,14,5,0
35.6,99.8,21.8,48.7,11,1,0
33.9,80.2,13.5,63.6,9,4,0
30.5,58.3,29.2,59.0,10,1,0
37.0,70.1,46.1,64.3,2,2,0
35.4,73.7,27.6,48.9,0,5,2
32.7,48.6,28.8,69.0,12,5,0
33.8,81.4,32.4,79.0,10,2,0
30.7,63.0,27.1,76.9,14,1,0
31.9,63.9,30.9,81.0,7,5,0
33.2,65.3,31.1,62.4,5,5,1
37.6,78.7,21.2,58.5,12,3,0
32.9,55.9,27.2,66.9,14,1,0
36.1,44.5,33.9,59.6,12,4,0
33.2,68.9,35.4,44.6,12,4,0
35.1,40.5,38.4,70.2,2,5,1
34.1,61.4,30.7,59.7,13,4,0
36.7,79.2,30.8,47.3,0,5,1
33.2,71.9,34.0,56.9,11,3,0
30.6,77.5,23.2,59.9,2,1,0
31.0,72.4,22.9,62.1,0,4,1
33.2,93.9,27.0,62.2,11,2,0
31.4,57.9,17.8,75.7,5,4,1
35.5,69.8,31.3,49.1,13,1,0
33.3,59.7,36.4,60.5,4,1,0
40.4,76.5,22.3,53.2,10,3,0
30.2,64.3,31.5,74.6,9,3,0
35.0,85.6,23.0,56.4,12,1,0
31.7,58.6,19.9,58.6,12,4,0
33.3,81.9,44.4,72.5,8,4,0
34.9,72.1,20.0,75.2,5,5,1
28.7,64.6,17.8,76.7,7,2,0
35.1,71.5,29.7,45.6,9,4,1
39.3,68.1,30.1,66.8,14,5,0
33.4,69.3,33.3,64.7,2,1,0
35.1,62.5,44.0,61.5,1,5,2
37.1,56.6,21.8,62.7,6,4,1
34.1,61.0,23.4,74.9,6,4,1
33.0,44.8,40.9,72.4,13,4,0
28.8,75.1,35.5,71.0,4,4,0
36.1,50.2,34.4,64.1,2,4,2
34.2,62.4,23.3,84.7,1,1,0
32.0,72.8,37.0,58.0,13,1,0
34.8,75.1,34.4,45.8,9,1,0
33.0,43.7,29.5,59.3,14,5,0
33.2,63.9,23.3,62.6,3,3,1
36.0,70.5,28.9,75.0,1,5,1
31.2,65.6,41.2,56.9,6,5,1
37.1,81.1,19.2,66.9,2,2,0
31.0,55.1,21.6,47.2,2,1,0
32.8,40.4,23.0,72.8,13,5,0
39.3,74.7,24.7,62.7,5,3,0
37.3,58.6,27.9,59.2,1,2,0
34.7,43.9,35.7,83.3,3,4,2
32.1,63.1,31.7,72.7,5,3,2
33.2,79.8,28.5,51.6,13,2,0
34.7,49.8,30.2,60.9,9,2,0
34.6,93.0,33.0,89.4,7,5,0
34.3,54.9,14.5,81.8,8,2,2
34.4,66.0,36.6,71.2,11,5,0
34.0,50.4,21.4,43.5,2,3,1
30.9,65.5,24.5,75.3,7,1,0
33.2,63.4,30.7,55.6,5,1,0
36.8,47.1,27.4,75.2,0,4,1
31.1,98.9,31.9,54.8,8,1,0
34.0,59.1,29.1,66.9,10,1,0
32.5,59.1,25.7,55.6,9,3,0
34.8,76.6,40.2,58.4,0,3,2
33.5,86.8,33.7,68.2,5,5,0
38.2,78.5,30.4,48.8,5,5,0
35.8,50.6,33.5,85.7,2,5,0
31.2,67.6,22.4,51.7,8,1,0
36.2,42.4,45.4,51.2,7,5,1
32.6,75.8,19.3,68.3,11,5,0
33.1,45.4,28.9,74.9,11,4,0
35.3,55.4,25.7,58.8,13,5,1
33.3,65.0,25.4,51.3,6,5,1
36.7,70.3,24.4,52.8,3,4,2
32.6,61.9,21.8,51.7,8,3,0
33.0,83.2,37.5,65.1,9,2,0
32.9,73.7,18.4,61.3,4,2,0
33.1,72.7,35.9,66.3,7,2,0
37.2,50.2,33.2,65.6,13,3,0
36.1,85.4,25.0,70.2,11,3,0
38.8,55.4,32.3,57.9,9,2,0
40.2,85.9,26.7,54.6,14,1,0
31.9,89.3,19.2,63.6,0,3,0
34.7,71.2,19.3,61.5,7,1,0
31.6,77.4,33.2,64.5,3,2,2
32.6,28.0,32.8,54.9,4,1,0
32.9,62.7,29.9,68.4,11,2,0
31.9,78.2,24.9,50.2,11,4,0
31.9,76.1,26.5,57.6,7,4,1
34.1,50.4,25.4,73.3,7,1,0
31.5,61.5,14.0,50.7,8,4,0
36.6,34.6,28.5,72.5,13,2,0
32.2,70.0,32.2,47.9,0,3,1
41.5,42.4,28.5,46.1,8,4,0
33.4,78.6,42.2,47.1,1,1,0
34.7,79.2,20.0,63.2,14,1,0
31.3,59.3,22.7,69.3,3,1,0
38.8,71.3,29.1,74.9,0,2,0
37.3,62.4,30.0,74.1,12,1,1
35.2,67.9,12.8,70.6,11,1,0
31.1,51.2,32.8,53.7,13,3,1
35.0,72.5,30.0,53.6,5,1,0
31.7,45.3,11.0,69.9,4,3,1
38.2,43.0,27.1,76.2,10,2,0
36.5,63.5,21.5,51.7,14,5,0
34.7,62.5,24.4,74.9,14,1,0
28.4,68.3,17.3,42.8,5,3,0
32.0,57.2,31.3,65.9,9,3,0
36.2,87.6,42.1,61.0,12,4,0
37.5,66.9,30.1,60.0,11,1,2
37.3,67.8,10.7,62.3,9,5,0
30.5,67.4,30.3,53.5,2,2,0
35.3,77.0,26.4,66.5,9,1,0
37.0,71.9,19.2,62.6,2,4,1
30.4,70.3,30.8,71.4,6,3,1
34.5,73.8,35.0,77.9,8,4,0
35.2,43.1,22.7,63.3,0,5,1
33.7,43.6,14.9,53.8,6,2,0
29.9,64.1,11.9,50.6,4,5,0
33.7,62.6,22.7,79.0,1,5,0
33.7,72.0,26.8,77.7,9,3,0
34.1,65.2,23.9,70.9,10,4,0
33.1,72.0,22.5,62.6,13,1,0
33.4,50.1,32.5,70.2,10,4,0
34.4,64.9,31.7,75.0,2,1,0
35.6,48.9,29.6,55.8,1,3,1
33.7,69.6,34.5,62.3,12,4,0
33.5,42.5,22.7,50.9,0,1,0
34.7,69.2,19.2,60.7,5,3,1
29.7,47.4,23.8,77.4,5,3,0
35.7,60.4,23.3,72.8,2,2,0
34.5,75.7,11.6,63.4,9,3,0
34.6,67.7,23.6,35.1,11,5,0
36.9,45.3,36.8,55.4,13,5,0
29.6,56.9,34.4,63.0,7,5,0
29.6,47.0,32.2,59.8,6,5,0
35.2,44.7,29.1,62.3,3,2,0
34.5,66.4,39.6,64.4,1,1,0
34.9,71.7,19.5,56.7,12,1,0
33.3,70.3,20.3,61.9,12,5,0
36.2,72.2,37.0,60.5,14,2,0
36.8,64.9,28.2,55.0,1,4,2
35.7,61.7,22.6,80.5,6,3,0
33.8,52.1,32.4,57.2,9,4,0
29.2,59.7,24.5,39.5,13,4,0
36.4,49.1,21.3,79.8,6,5,0
37.6,54.9,21.1,53.5,2,1,0
36.1,66.1,30.6,71.0,13,2,0
32.3,63.6,29.6,55.2,1,1,0
36.2,101.8,40.1,67.7,10,2,0
36.7,48.9,25.7,61.5,5,2,0
38.4,63.5,25.5,72.0,0,5,0
32.3,47.9,39.5,59.9,7,4,1
33.9,60.3,35.9,55.4,5,1,0
36.4,60.8,29.2,64.6,6,3,1
34.6,75.1,15.5,58.2,2,4,1
31.7,59.6,21.5,42.7,10,4,0
35.5,62.7,19.6,56.0,4,5,2
35.9,59.8,28.3,90.7,2,2,0
34.7,48.2,23.9,43.8,5,5,1
35.0,57.2,40.8,64.4,2,5,2
33.9,60.4,15.4,59.6,8,2,0
38.2,65.9,18.7,80.4,7,4,0
32.2,71.7,30.0,50.9,11,4,0
33.0,62.2,32.2,63.0,14,5,0
34.5,62.0,7.3,68.9,1,1,0
36.7,44.4,14.1,60.2,0,2,0
30.8,71.5,25.9,54.3,6,5,1
31.2,56.6,38.8,61.8,1,1,0
29.4,74.0,43.1,58.9,12,3,0
34.6,80.8,24.7,58.9,12,2,0
31.7,62.7,26.6,71.3,6,4,1
33.5,52.7,21.3,66.0,14,3,0
36.2,64.8,33.1,67.5,7,5,1
32.9,69.2,40.2,65.3,8,1,0
35.1,61.2,38.0,71.6,11,3,0
33.8,58.2,27.8,75.0,8,3,0
36.2,71.8,21.3,59.1,10,3,0
35.7,71.0,28.1,70.2,3,1,0
32.8,60.8,39.0,49.0,7,3,1
34.1,45.2,24.8,39.5,12,5,0
37.1,70.5,13.5,80.3,14,4,0
35.5,55.8,25.1,58.7,2,1,0
31.0,67.6,25.8,64.5,0,4,1
36.1,66.8,13.4,49.7,8,5,0
31.8,42.3,29.9,49.3,0,5,1
38.0,66.0,32.0,54.9,10,1,0
37.1,71.2,42.9,68.4,6,1,0
35.2,72.6,17.3,56.8,12,1,0
34.9,66.4,33.8,58.6,2,2,0
34.0,41.3,35.7,54.6,0,5,1
36.2,80.3,32.2,73.7,3,3,0
33.6,69.9,19.9,70.7,0,5,1
35.1,50.6,19.5,57.2,2,1,0
36.7,55.5,28.8,68.8,11,4,0
33.1,67.8,28.7,59.5,10,4,0
33.0,73.2,23.5,58.6,9,5,0
31.5,59.1,38.3,61.5,6,3,1
31.8,74.9,24.8,68.4,3,4,0
29.9,43.5,12.9,53.1,12,1,0
36.3,52.5,26.2,67.0,13,5,0
39.0,40.2,31.8,87.0,3,4,0
38.1,54.2,30.7,63.8,13,4,0
30.4,83.1,30.7,62.4,9,2,0
36.3,89.7,40.0,61.2,5,1,0
38.1,67.8,19.1,66.8,3,4,0
33.4,57.3,24.6,45.9,8,4,0
34.8,62.3,40.4,79.0,0,1,0
29.5,70.7,12.3,71.8,4,5,0
35.2,46.2,27.6,55.6,10,1,0
31.8,58.1,37.8,62.3,7,4,1
35.0,82.2,37.7,56.4,2,1,0
30.6,52.5,33.3,65.0,2,4,1
35.9,56.0,33.5,62.6,10,3,2
37.1,65.2,19.7,64.3,12,2,0
32.5,68.4,39.0,51.7,10,4,1
31.7,57.5,18.4,57.2,2,5,1
29.1,65.9,18.9,73.5,10,4,0
33.8,72.3,31.1,56.7,4,4,2
33.0,88.5,24.1,35.6,8,1,0
30.6,63.5,29.7,60.5,8,5,0
35.6,64.5,31.4,86.1,13,3,0
33.4,83.3,42.2,70.5,12,1,0
31.8,58.4,31.5,56.2,1,3,1
33.1,49.1,23.1,61.5,0,4,1
37.2,68.0,33.4,68.8,13,4,0
36.0,77.9,21.3,44.4,4,3,1
34.2,69.3,35.3,53.4,0,2,0
36.0,63.8,28.5,66.0,2,2,1
31.6,47.6,31.2,77.9,7,4,1
34.6,64.3,13.8,57.6,13,5,0
34.9,79.8,10.0,77.7,13,4,0
33.3,50.2,16.0,54.5,9,4,0
35.6,62.1,42.0,28.1,4,4,2
32.5,60.4,18.8,69.4,10,3,0
35.8,56.6,33.9,67.4,12,3,0
35.9,68.0,22.9,69.4,6,3,1
27.2,70.3,26.1,69.0,8,1,0
37.5,70.2,27.6,63.9,7,3,1
26.9,53.3,41.2,59.4,12,1,0
33.0,45.2,32.7,59.8,9,5,0
37.1,68.1,31.1,57.4,0,5,1
33.7,58.9,38.4,58.0,13,3,0
30.8,87.1,22.9,43.9,8,4,0
31.8,87.6,36.5,49.9,6,1,0
37.1,88.9,35.2,60.4,2,3,0
29.7,53.7,35.1,39.6,10,5,0
37.3,71.8,26.8,41.9,0,3,1
34.4,75.5,24.5,58.7,2,5,1
31.5,74.1,21.0,60.7,10,1,0
33.0,60.7,21.5,58.9,4,5,2
32.0,80.3,20.7,38.2,11,2,0
36.7,65.0,30.9,77.5,3,1,0
36.3,66.5,26.2,47.6,11,4,0
30.2,46.5,31.5,53.8,10,4,0
33.5,72.7,31.9,49.4,10,1,0
32.3,61.9,19.5,75.0,11,2,0
37.7,70.6,19.3,66.2,11,5,0
31.1,67.8,26.2,57.3,5,1,0
38.5,67.2,21.8,56.6,7,1,0
34.4,64.5,21.0,63.8,1,5,2
31.6,74.4,41.6,49.5,5,4,1
32.8,62.6,15.7,65.8,6,3,1
32.5,47.5,44.2,56.5,11,2,0
31.3,71.8,30.3,67.2,13,5,0
34.7,55.3,35.9,66.9,9,5,0
31.4,49.1,34.9,56.1,1,1,0
29.0,52.7,32.9,41.5,3,5,0
33.6,68.4,41.3,59.5,8,3,0
30.0,63.8,19.3,47.5,6,2,0
32.6,39.4,26.7,62.8,13,2,0
32.2,60.4,21.2,59.4,2,3,1
32.3,79.0,14.4,56.1,8,3,0
39.5,59.6,22.7,49.0,11,5,0
34.6,63.0,43.0,73.9,6,1,0
35.1,77.5,26.6,57.5,3,4,1
30.1,74.5,43.9,85.5,1,1,0
32.9,77.3,44.7,62.3,9,1,0
35.0,31.7,52.0,65.5,9,2,2
31.9,85.8,43.2,62.4,11,4,0
36.8,72.6,46.9,65.4,12,2,0
31.5,94.5,30.6,72.9,14,2,0
33.8,55.6,29.8,73.0,2,5,1
33.0,43.8,30.4,44.3,6,2,0
34.9,65.1,28.0,70.6,4,4,1
32.9,61.7,29.2,67.0,13,5,0
33.8,72.8,34.0,62.4,1,4,0
33.9,77.9,24.3,79.1,9,5,0
32.7,64.0,17.0,79.5,4,5,0
35.7,62.1,30.9,71.0,0,1,0
35.1,71.3,22.5,56.6,8,1,0
34.3,61.9,23.3,50.1,5,2,0
33.4,60.9,26.9,69.5,10,4,0
36.5,77.4,25.0,75.6,5,2,0
33.9,80.1,36.9,41.7,2,4,1
33.7,78.0,26.7,72.9,1,5,1
34.8,63.0,37.3,59.5,2,1,0
38.7,39.3,29.6,43.9,6,5,0
31.1,63.2,27.3,66.7,4,3,1
36.4,55.9,29.3,71.1,1,5,1
29.8,63.4,17.7,58.5,4,4,0
35.0,56.9,30.7,51.4,12,1,0
38.4,64.8,34.8,79.1,12,5,0
35.7,52.5,35.9,55.3,5,1,0
34.9,49.6,17.2,73.6,7,2,0
33.1,79.7,15.8,46.9,2,3,1
34.6,53.4,23.7,66.2,6,5,1
33.9,65.0,39.1,65.9,9,1,0
32.5,76.5,29.8,70.7,0,3,1
33.8,76.0,21.8,76.9,12,1,0
35.0,74.5,16.4,53.9,13,2,0
32.6,68.6,22.5,67.2,14,2,0
32.5,73.7,22.0,48.3,3,3,1
31.1,81.5,35.5,48.2,13,4,0
35.5,70.1,36.1,56.2,1,4,2
35.9,43.0,19.6,66.1,13,4,0
35.1,58.7,34.0,78.8,2,1,0
36.9,73.4,33.2,80.6,5,4,0
34.7,57.5,18.6,58.5,14,4,2
35.5,84.4,27.3,65.1,7,1,0
35.3,64.2,30.7,71.4,3,5,1
34.3,66.0,29.3,69.7,5,4,1
33.2,78.5,14.3,60.3,4,4,1
40.0,62.8,29.0,62.8,13,3,0
33.4,67.1,33.1,60.9,6,4,1
32.8,75.8,40.6,59.9,1,2,0
35.6,47.3,22.6,58.6,2,4,1
35.1,61.6,23.6,60.8,8,4,0
31.0,74.9,26.3,57.9,0,4,1
37.3,65.8,30.3,50.6,3,4,1
34.3,82.6,28.8,70.6,9,1,0
31.7,46.1,32.8,67.2,12,1,0
37.5,44.7,19.0,80.8,1,3,0
36.1,74.2,31.2,65.7,5,5,1
31.3,75.4,22.1,57.8,5,2,0
38.9,62.7,26.9,55.7,12,3,0
36.1,69.8,41.7,62.5,11,5,0
34.5,73.9,16.8,67.5,13,4,0
38.5,55.2,25.8,59.6,9,1,0
34.9,56.5,17.8,47.3,2,5,1
34.4,67.3,29.2,54.6,14,5,0
32.8,75.8,36.4,62.2,11,4,0
36.0,51.0,29.4,69.4,9,4,0
35.7,62.6,27.1,47.1,5,3,1
34.5,62.1,38.6,64.7,11,4,0
32.5,70.0,30.6,64.2,6,2,0
34.8,64.9,34.6,57.5,4,4,2
34.3,58.4,33.7,56.1,4,3,0
31.2,80.0,5.0,54.6,9,4,0
30.8,58.5,27.4,63.4,9,5,0
35.9,61.5,19.4,73.3,3,4,1
28.0,45.9,21.4,74.0,5,5,0
35.0,56.4,39.8,50.8,3,3,1
33.3,71.2,25.0,60.1,11,4,0
37.8,68.8,43.1,40.1,5,2,0
33.3,72.2,16.7,63.1,11,4,0
36.1,71.6,19.3,68.0,3,2,0
33.5,90.1,34.1,77.7,5,4,0
34.8,56.0,25.3,44.1,0,1,0
36.3,45.6,30.5,51.1,0,4,1
33.3,52.4,27.1,63.4,0,2,0
37.0,56.6,26.9,45.8,0,2,0
32.0,53.3,25.6,63.7,13,2,0
35.2,66.1,29.4,68.2,4,3,1
36.8,80.0,33.1,49.2,7,1,0
36.2,83.5,40.9,63.3,14,3,0
39.3,71.1,26.4,49.9,7,1,0
32.6,90.7,24.9,75.8,5,3,0
31.1,60.7,23.8,64.1,10,2,0
32.0,45.4,39.8,55.6,11,3,0
36.2,77.6,33.5,49.6,1,1,0
35.7,42.9,12.8,65.9,14,5,2
34.8,55.9,12.5,75.6,1,1,0
31.7,71.2,21.4,54.3,5,5,1
36.4,63.8,29.8,57.6,14,2,0
31.4,62.7,27.7,54.5,8,5,0
37.4,50.8,32.1,77.6,8,3,0
41.6,64.9,26.6,42.9,12,5,2
35.4,77.0,39.2,74.9,6,3,1
36.0,65.2,34.2,58.2,9,4,0
33.3,55.0,28.6,61.3,8,4,0
30.0,50.0,37.2,58.6,1,4,0
33.0,55.3,14.8,64.4,4,3,1
31.8,69.7,27.3,54.7,11,2,0
30.9,69.1,29.1,72.6,4,5,1
38.8,55.4,32.8,73.0,13,5,0
35.2,38.5,14.3,52.2,14,4,0
35.4,70.0,25.9,68.7,11,2,0
33.7,54.2,31.2,58.4,0,3,1
34.1,73.3,31.8,62.5,11,4,0
36.9,55.9,37.5,77.3,14,1,0
34.4,53.1,34.1,55.3,11,1,0
35.8,66.8,27.5,71.3,9,3,0
34.0,93.3,33.4,66.6,9,3,0
33.6,74.0,26.4,60.1,7,5,1
31.0,66.6,29.2,65.7,3,2,0
29.6,69.3,34.4,64.5,7,2,0
33.8,44.0,27.6,50.4,13,4,0
34.6,51.5,30.9,55.9,1,5,2
31.3,34.9,35.7,51.5,1,5,1
34.4,85.8,33.7,59.2,13,4,0
34.6,83.3,37.9,75.5,12,1,0
29.1,69.7,46.6,67.8,7,4,0
32.2,66.6,33.6,47.7,5,1,0
35.5,46.4,24.3,59.3,1,4,2
35.5,62.4,32.1,64.3,10,5,0
31.6,86.5,31.8,69.4,8,4,0
34.9,66.6,32.9,55.5,12,2,2
37.1,58.2,40.0,49.6,5,2,0
36.4,43.9,14.5,61.4,11,4,0
34.3,81.6,40.1,67.7,14,4,0
33.3,64.2,42.8,64.3,2,5,2
32.9,43.9,32.5,53.2,11,1,0
35.7,53.9,32.7,79.5,9,4,0
35.0,49.7,26.1,61.0,6,5,1
36.1,63.4,28.1,63.9,3,1,0
34.8,67.5,33.6,55.4,2,3,1
36.5,59.0,33.1,73.1,1,4,1
34.7,74.3,33.8,67.7,3,3,1
36.5,65.9,33.0,65.1,7,5,1
36.7,77.7,35.2,50.5,8,4,0
32.5,60.7,34.3,72.9,14,2,0
30.0,101.5,19.8,69.6,11,4,0
38.4,58.2,34.7,72.1,14,4,0
35.1,54.2,42.9,62.4,11,4,0
30.2,52.7,27.8,61.3,8,2,0
32.7,62.5,40.0,60.2,12,5,0
36.4,44.4,20.7,84.8,11,5,0
33.8,68.5,27.8,56.6,12,2,0
33.2,42.1,22.9,50.1,3,2,0
38.0,66.9,39.0,58.3,10,2,0
31.9,48.8,41.1,56.7,3,2,0
32.5,60.4,27.2,74.6,4,1,0
35.0,72.3,37.4,48.4,10,1,0
35.5,92.6,41.2,56.4,7,4,0
35.7,52.1,27.7,63.9,11,5,0
36.8,63.2,29.0,74.7,10,1,0
35.0,56.3,33.9,69.1,11,3,0
35.7,54.6,21.3,78.2,2,2,0
33.9,56.4,28.9,65.5,1,2,0
34.7,74.9,45.1,60.0,3,3,1
34.8,59.1,24.0,70.6,5,1,0
35.0,92.0,34.8,48.3,12,1,0
36.4,70.0,32.2,44.9,0,5,2
35.9,52.9,26.7,71.8,8,3,0
34.6,60.6,29.8,64.1,11,1,0
32.5,55.4,42.0,71.6,5,5,1
34.7,74.6,32.4,53.5,4,4,2
34.4,45.3,33.7,74.8,3,4,1
35.0,48.9,40.8,68.7,6,4,1
40.0,57.9,25.7,61.7,9,3,2
33.2,73.2,19.6,64.1,8,4,0
35.6,79.8,42.1,65.5,12,2,0
37.2,81.6,29.1,53.4,0,4,0
34.7,71.4,35.1,58.1,4,5,2
40.3,64.0,21.9,65.3,5,5,0
33.6,74.5,31.1,57.7,5,3,1
35.3,51.3,19.2,47.3,10,1,0
32.5,42.9,28.5,64.9,1,1,2
33.6,70.2,22.8,70.4,4,3,1
35.1,52.9,21.0,72.7,0,4,1
36.6,64.2,25.6,67.3,8,1,0
35.3,66.4,9.7,70.2,14,3,2
37.6,68.0,18.7,71.9,14,3,0
34.3,76.3,34.3,62.8,0,3,1
33.7,75.0,30.8,40.8,1,3,1
41.3,67.3,19.4,73.6,8,2,0
35.5,59.7,32.4,53.1,4,3,1
32.7,66.3,21.0,50.7,3,3,1
32.8,57.8,33.8,51.0,10,5,0
32.1,62.6,27.1,86.8,4,2,0
36.8,96.4,25.4,66.4,8,5,0
33.6,67.2,27.3,51.6,0,5,2
34.8,70.4,48.5,55.2,14,2,0
34.3,56.5,21.9,62.0,1,3,1
36.3,77.2,29.8,67.4,0,4,1
32.4,74.1,34.3,64.8,6,3,1
31.8,74.2,20.3,52.7,13,4,0
35.1,67.6,15.2,65.2,9,2,2
36.0,77.4,23.2,55.9,7,5,1
35.3,80.3,34.1,72.5,4,4,1
32.5,68.4,25.3,62.6,3,1,0
36.2,63.6,26.2,54.4,9,2,0
32.6,75.7,35.3,68.9,7,4,1
33.2,54.2,21.5,65.8,9,2,0
32.1,56.4,27.3,57.3,6,3,1
37.8,64.4,15.9,69.3,4,4,1
36.1,44.1,30.6,68.3,2,2,0
36.0,74.9,29.8,74.0,4,5,1
37.6,53.4,34.4,69.1,3,4,1
41.5,59.3,18.8,59.9,7,3,0
30.2,62.4,26.5,45.1,4,2,0
32.7,65.5,17.8,63.9,11,2,0
33.0,60.9,26.0,65.4,8,1,0
32.4,64.2,39.9,62.5,4,1,0
31.8,64.3,25.4,31.9,1,4,1
33.8,59.6,17.1,68.8,1,4,1
31.5,55.7,22.6,52.9,1,1,0
35.3,78.0,15.1,68.9,4,3,1
34.6,39.7,17.6,79.0,4,2,0
35.7,62.5,33.4,59.5,0,4,2
35.8,59.4,16.4,66.4,10,3,0
36.0,70.0,30.5,62.3,7,4,1
33.6,47.5,28.2,67.3,14,4,0
39.8,59.0,23.7,63.0,13,1,0
35.1,63.8,29.8,56.8,0,4,2
29.8,77.8,20.5,53.0,10,5,0
32.0,69.0,34.7,77.9,14,5,0
30.1,50.8,22.4,66.4,12,4,0
34.5,59.2,24.9,70.3,10,3,0
34.2,75.6,24.0,66.0,2,3,1
33.3,50.6,33.5,71.8,13,1,0
39.5,64.1,32.4,53.0,12,4,0
35.9,64.9,7.0,62.8,8,1,1
36.3,60.4,30.0,67.1,13,2,0
32.2,97.3,14.0,74.9,6,3,0
32.0,60.0,25.3,88.7,7,3,0
34.6,70.4,27.1,66.1,11,2,0
34.9,55.8,25.2,55.4,10,4,0
29.9,71.3,32.0,50.0,8,5,0
34.0,75.4,33.8,53.0,11,5,0
34.5,57.9,21.8,54.3,13,3,0
34.0,64.3,21.5,33.0,9,3,0
32.5,54.3,27.7,55.2,13,3,0
33.2,51.3,15.7,69.2,6,5,1
34.1,77.4,24.2,62.8,7,5,1
34.7,58.4,38.8,59.4,9,1,0
36.0,36.0,15.9,45.8,8,4,0
37.2,86.2,25.3,72.5,2,1,0
33.8,55.4,23.3,67.1,6,4,1
33.4,62.0,44.0,61.9,2,2,0
35.6,84.7,23.7,40.0,10,3,0
36.0,63.3,24.2,57.1,11,4,0
33.4,63.0,19.8,66.3,10,2,0
36.5,50.3,28.1,61.7,12,1,0
36.9,45.4,30.2,63.9,9,3,0
37.7,63.0,20.9,68.9,5,5,1
38.9,69.4,35.9,63.5,0,1,0
32.3,68.7,30.2,68.5,0,2,0
34.5,59.2,34.8,53.6,14,3,0
34.5,65.2,25.4,49.8,11,2,0
34.3,43.0,29.9,66.8,5,5,1
32.9,70.5,26.3,68.8,14,3,2
30.8,66.9,39.7,67.2,3,3,1
34.7,88.7,28.9,63.3,11,1,0
32.6,65.1,28.1,58.8,3,1,1
34.7,53.7,24.3,64.1,10,1,0
32.5,64.4,23.9,65.8,1,1,0
31.8,61.1,29.9,66.4,10,3,0
35.1,70.2,34.6,88.1,6,5,0
34.9,65.3,22.5,52.8,8,4,0
35.9,49.9,29.0,94.3,0,2,0
40.0,45.4,29.5,49.4,5,1,0
35.2,68.2,30.9,65.9,2,3,1
35.7,81.6,14.3,50.1,9,4,0
31.8,66.0,20.6,65.1,0,4,1
31.3,74.8,17.1,71.8,13,3,0
38.5,77.2,28.3,62.3,2,2,0
32.2,68.2,20.8,71.7,7,3,1
31.9,55.2,24.0,57.8,14,4,0
34.4,67.3,18.4,41.5,6,5,1
34.3,79.5,24.8,68.3,8,1,0
32.2,71.4,19.0,62.3,14,4,0
33.7,74.0,34.1,57.2,1,4,2
37.6,59.4,31.8,57.9,8,2,0
32.5,62.6,29.2,66.1,8,1,0
31.0,63.6,25.6,53.9,10,2,0
36.9,64.4,11.7,65.8,9,2,0
35.7,79.0,24.3,73.9,7,1,0
32.9,36.8,21.9,82.6,8,2,0
30.5,65.4,30.0,76.0,4,1,0
32.6,64.0,33.0,63.6,5,5,0
34.4,48.5,30.6,64.6,14,1,0
37.4,73.1,38.1,58.0,9,3,0
31.9,56.3,23.5,57.3,10,2,0
34.3,60.7,23.1,70.7,2,5,1
36.2,87.2,36.3,58.9,5,3,0
28.5,77.1,29.3,65.7,3,3,1
37.1,71.9,26.0,52.4,14,2,0
31.5,69.6,42.8,75.7,14,5,0
35.3,63.0,32.6,58.8,5,4,1
35.1,89.0,26.5,72.9,6,3,0
37.2,74.6,22.5,55.0,10,2,0
35.9,56.0,38.6,54.4,2,3,1
28.6,48.2,29.7,75.3,8,2,0
32.5,71.8,28.2,55.7,3,4,2
34.8,64.3,33.4,46.3,7,2,0
34.0,47.9,35.0,51.6,10,2,0
35.7,70.1,32.4,70.6,11,3,0
36.5,61.8,35.1,69.6,1,5,2
36.0,71.4,31.6,54.4,4,3,1
34.0,70.3,32.4,55.7,5,5,1
29.9,57.7,22.1,68.7,10,3,0
33.4,72.6,42.5,75.2,4,1,0
35.5,59.0,18.1,61.3,6,3,1
31.8,59.8,30.5,67.5,3,5,1
36.1,58.6,17.3,70.7,5,5,1
36.8,78.6,27.2,83.5,7,1,0
34.8,61.6,23.4,50.4,3,2,0
26.8,81.5,29.1,55.3,1,4,0
31.3,86.4,30.7,56.9,2,3,0
39.2,56.1,20.3,70.3,6,5,0
33.1,29.9,27.8,59.5,2,3,1
29.5,77.5,39.1,65.1,0,2,0
37.6,60.9,17.5,63.2,12,2,0
34.5,54.6,21.2,62.0,14,1,0
37.3,57.9,34.9,63.1,7,2,0
35.2,60.0,28.6,72.3,9,4,2
35.6,80.6,29.2,52.3,2,2,0
35.4,66.9,36.2,60.5,1,3,1
36.2,80.4,21.6,49.8,1,1,0
40.2,70.9,23.8,64.3,2,3,0
36.9,61.3,22.9,60.0,1,5,2
30.5,60.3,25.2,72.7,11,4,0
35.6,71.7,38.7,62.0,11,4,0
37.4,74.8,14.4,57.6,10,2,0
37.5,77.0,18.4,59.5,4,2,0
33.4,61.9,17.1,79.2,5,1,0
37.4,67.1,39.2,46.3,5,5,1
36.8,72.0,23.1,55.7,2,5,2
40.9,60.4,25.4,62.4,7,2,0
32.6,51.4,15.1,55.6,8,4,0
33.2,55.3,25.9,66.9,3,2,0
33.7,62.1,34.9,61.4,4,4,2
33.3,72.9,30.0,64.6,7,1,0
32.3,80.1,27.1,63.2,1,2,0
27.6,48.7,15.5,61.0,8,2,0
33.4,57.8,25.4,49.1,5,5,1
35.4,60.7,29.2,63.8,10,3,0
33.3,74.5,20.1,44.4,11,2,1
39.3,58.7,33.2,55.3,5,1,0
34.5,59.8,35.1,66.9,5,1,0
37.7,48.1,23.8,73.9,7,2,0
35.2,70.8,33.8,85.5,0,2,0
36.6,63.1,27.1,57.7,2,1,0
35.2,57.2,37.2,53.3,1,4,2
37.9,61.9,44.3,67.2,4,2,0
34.6,78.5,19.3,80.7,8,2,0
35.7,52.9,34.2,77.3,3,3,1
35.4,54.9,38.4,51.6,7,2,0
33.8,80.0,20.2,60.6,10,4,0
35.5,65.9,23.4,70.5,10,3,0
40.1,73.0,23.3,71.2,7,5,0
33.8,69.8,26.9,67.9,8,4,0
35.5,64.6,25.1,57.5,6,2,0
37.6,60.8,26.4,67.8,7,1,0
37.4,75.0,34.7,71.3,11,1,0
34.5,78.9,12.8,52.7,7,4,1
28.5,78.0,20.2,75.3,5,1,0
35.8,50.8,33.4,71.9,14,2,0
29.0,80.7,32.4,54.6,13,1,0
38.2,60.7,19.5,71.2,12,2,0
34.9,55.9,32.5,70.1,12,5,0
37.0,63.0,38.6,70.5,5,1,0
32.2,75.0,27.6,77.8,14,5,0
30.6,71.5,19.9,61.9,9,5,0
35.2,61.9,35.0,65.3,13,5,0
34.4,75.1,41.8,35.6,0,4,1
33.3,66.7,20.9,73.2,1,1,0
34.7,58.1,28.3,72.2,0,1,0
41.4,56.5,36.7,75.6,14,5,0
36.6,69.9,28.9,52.6,4,2,0
37.1,64.0,14.0,71.6,0,3,1
36.6,48.5,31.5,72.2,11,1,0
38.2,75.2,20.2,55.5,11,1,0
34.0,59.2,17.8,72.6,13,3,1
29.4,84.1,14.2,66.6,8,3,0
34.0,48.2,37.5,45.0,10,4,0
36.5,62.8,21.3,67.8,9,5,0
32.1,56.6,30.7,54.3,10,1,1
34.1,53.3,32.6,45.2,7,5,1
32.8,59.2,29.3,65.7,0,5,2
38.3,86.2,30.4,61.3,2,3,0
36.4,66.7,31.0,76.0,13,2,0
36.1,55.5,29.1,63.8,0,1,0
36.1,43.1,21.9,69.8,1,2,0
34.4,44.3,21.2,67.1,12,4,0
35.0,58.6,27.2,72.2,14,1,2
31.5,57.4,27.0,53.1,6,5,1
29.0,62.3,31.4,64.0,2,1,0
34.9,37.7,36.8,60.6,8,4,0
35.3,63.9,30.8,68.5,0,5,2
37.5,77.3,21.5,64.6,5,2,0
38.4,84.5,10.6,55.9,8,3,2
38.4,42.3,21.8,58.6,13,3,0
32.0,55.4,17.2,78.5,1,4,0
33.6,54.7,22.2,45.1,9,1,0
35.7,66.7,29.9,69.1,0,2,0
40.8,50.4,28.7,74.4,6,1,0
38.2,85.2,42.9,67.8,10,2,0
37.3,65.5,31.9,81.7,0,4,0
33.5,63.5,43.3,71.4,11,3,0
32.3,84.1,33.7,65.8,14,3,0
36.5,64.8,36.7,57.3,4,3,1
31.7,69.8,25.1,66.0,11,1,0
33.9,56.0,19.4,68.8,8,1,0
34.2,48.6,24.4,62.0,13,2,0
38.5,57.7,27.9,54.6,8,1,0
33.6,91.2,23.0,50.0,12,5,0
28.4,72.6,20.0,63.9,2,5,0
35.8,68.3,31.3,47.2,3,3,1
32.8,53.3,20.0,57.3,6,4,1
34.6,75.9,15.7,37.7,13,1,0
34.3,48.7,19.0,70.3,9,1,0
33.8,46.2,26.1,73.5,3,4,1
36.5,58.3,20.1,62.8,13,4,0
30.7,88.5,26.2,80.3,9,5,0
33.2,87.8,32.8,75.5,6,2,0
36.2,59.6,32.6,66.8,5,3,0
33.0,56.9,22.7,60.9,10,4,0
30.5,45.3,17.6,58.5,13,1,0
36.2,65.9,23.4,67.6,7,5,1
37.3,66.9,33.2,60.6,12,2,0
34.4,74.5,35.1,67.5,10,1,0
29.6,75.9,30.8,68.2,1,4,0
36.3,62.6,37.6,59.7,11,5,0
30.4,71.7,41.8,73.0,8,3,0
35.3,56.6,24.1,59.7,7,1,0
32.3,71.4,39.9,62.2,9,1,0
31.6,58.9,25.9,52.2,0,2,0
33.4,70.5,36.2,59.3,13,3,1
34.0,69.5,33.7,83.6,13,4,0
32.9,65.8,12.2,53.0,14,4,0
36.0,74.5,20.3,66.4,9,4,0
33.4,46.2,18.2,57.5,3,2,0
37.0,52.2,13.7,39.9,9,1,0
35.2,61.8,35.0,67.6,4,5,2
32.8,47.7,44.6,56.4,7,1,0
32.3,60.1,25.9,65.2,12,3,0
30.4,60.5,34.8,71.9,2,2,0
35.2,80.7,39.9,64.3,6,4,1
33.6,66.7,29.7,65.3,7,2,0
28.6,77.4,27.8,53.3,13,1,0
33.2,68.6,26.0,69.1,8,2,0
32.2,58.6,32.3,60.1,5,1,0
38.4,66.6,35.0,42.0,5,1,0
30.2,73.8,31.7,70.3,4,3,1
30.9,79.3,31.4,73.3,2,5,1
37.3,63.4,27.6,76.8,10,2,0
37.9,45.2,15.3,83.7,11,4,0
32.6,44.4,35.2,69.7,2,3,1
32.9,61.1,17.7,67.1,6,5,1
36.0,36.9,33.0,72.9,11,3,0
28.7,86.5,34.0,53.1,10,1,0
29.8,72.2,18.9,45.3,1,3,0
33.8,57.4,23.1,57.2,0,1,0
38.4,51.7,45.0,74.8,1,2,0
33.4,77.3,27.4,55.4,7,3,2
34.8,51.6,18.2,66.7,13,5,0
37.3,52.8,34.4,67.7,1,4,1
39.8,55.8,21.8,64.4,10,2,0
33.1,66.4,12.6,49.2,11,4,0
34.5,72.4,32.2,65.4,14,2,0
39.1,79.3,20.7,57.8,8,1,0
30.7,77.5,30.6,79.0,14,4,0
37.1,65.0,21.5,73.4,6,5,1
32.0,77.2,33.7,58.1,3,4,1
34.8,56.9,29.5,79.7,14,3,0
33.9,43.1,7.3,65.4,7,3,0
32.1,56.9,31.1,45.3,4,2,0
32.0,55.3,25.7,61.2,9,5,0
35.2,57.4,39.3,78.4,6,3,0
37.0,53.5,31.2,53.8,11,5,0
34.2,59.5,34.0,61.3,11,1,0
34.7,72.4,22.3,48.4,0,2,0
35.9,85.6,21.7,50.0,7,2,0
32.1,44.3,27.8,53.7,12,1,0
36.3,49.5,25.1,49.7,9,5,0
36.5,55.5,38.7,55.8,10,1,0
41.0,74.2,26.8,79.4,14,3,0
33.6,62.5,18.2,61.6,5,2,0
33.4,56.3,21.4,69.9,10,1,0
36.4,73.6,35.7,72.9,0,5,1
36.5,76.5,26.7,50.9,2,2,0
33.2,64.8,26.2,53.7,10,2,2
33.5,55.2,36.5,69.7,3,1,0
35.9,68.2,20.7,55.7,11,4,0
32.4,62.2,10.1,69.0,13,5,0
33.5,62.1,21.2,78.8,13,2,0
34.7,58.9,29.9,47.4,0,5,2
37.0,76.1,26.0,58.4,4,3,1
33.0,68.0,15.5,60.0,7,3,1
29.9,77.4,36.1,56.7,0,5,2
29.7,81.0,29.3,55.9,13,5,0
31.4,70.5,31.1,57.1,14,4,0
31.2,58.9,31.4,61.8,11,2,0
34.1,77.5,17.6,63.6,4,3,1
31.5,70.6,30.4,71.5,1,5,1
32.7,96.2,35.3,61.7,12,2,0
32.6,68.7,37.1,73.2,11,3,0
33.4,73.4,33.8,56.1,14,4,0
37.8,68.5,32.1,50.0,5,5,1
36.2,63.8,14.1,59.0,2,3,1
34.5,61.9,27.9,66.6,13,5,0
33.3,68.5,20.3,70.6,1,5,1
33.4,71.3,38.3,76.6,8,3,0
35.3,78.9,37.0,64.9,7,2,0
36.0,68.7,20.4,69.5,8,1,0
32.2,59.4,27.6,75.7,6,1,0
34.6,61.1,30.0,54.2,0,1,0
29.4,49.1,35.2,59.9,9,1,0
35.0,84.9,14.6,89.7,3,2,0
36.4,58.5,10.3,70.6,1,5,0
33.8,76.6,28.3,67.1,6,2,2
39.0,68.3,7.7,70.9,4,2,0
32.3,68.6,29.3,48.6,10,2,0
35.0,63.6,32.7,55.5,5,3,1
34.4,55.5,37.9,51.9,7,3,1
34.2,53.4,23.0,66.2,7,3,1
34.2,85.7,29.3,58.3,12,1,1
34.8,66.4,33.2,63.0,1,2,0
36.6,78.5,18.6,58.9,0,5,1
37.9,81.6,35.3,45.7,13,5,0
34.5,60.1,30.2,70.8,4,1,0
36.5,70.1,23.2,44.4,10,4,0
32.7,65.5,29.1,54.7,8,1,0
36.4,51.1,26.9,48.8,11,3,0
32.6,62.8,34.2,53.2,9,1,0
37.2,72.1,25.1,64.0,3,4,1
40.0,59.0,29.8,74.4,7,5,0
34.2,61.1,23.0,46.4,4,1,0
29.0,62.9,20.5,56.4,5,3,0
33.1,90.3,29.4,44.5,8,1,0
37.6,43.0,20.8,55.9,1,1,0
35.9,71.0,34.4,62.7,0,4,2
35.1,62.0,32.7,69.7,10,1,0
37.0,57.3,21.9,40.8,1,1,0
35.7,61.7,29.7,67.5,13,2,0
37.5,73.0,21.8,52.3,9,2,0
36.8,73.7,15.2,49.8,12,5,2
38.3,67.2,23.2,62.7,7,2,0
35.4,78.1,27.6,68.3,10,3,0
36.8,80.2,32.2,61.0,2,1,0
33.7,74.8,29.2,51.1,9,2,0
33.0,58.4,35.3,61.0,4,2,0
38.8,70.9,20.2,54.7,11,2,0
35.0,71.0,25.0,68.0,5,2,0
36.5,55.2,41.2,72.8,11,1,0
34.8,46.2,12.6,72.1,13,3,0
33.0,40.7,24.4,61.8,0,3,1
34.5,65.8,19.4,73.2,0,3,1
38.1,68.6,26.4,51.8,5,3,0
35.9,50.8,24.5,79.8,8,3,0
30.2,77.6,32.8,51.7,13,4,0
34.0,66.8,30.0,41.7,6,2,0
39.0,81.2,17.6,75.7,12,1,0
34.0,69.4,23.3,54.9,10,4,0
30.0,52.2,28.0,63.2,10,1,0
39.2,70.5,33.9,51.7,13,2,2
36.2,73.0,47.5,85.6,4,3,0
34.3,58.4,33.6,80.2,10,3,0
33.6,47.7,19.9,77.5,11,4,0
37.2,66.2,27.2,62.9,14,3,0
33.1,53.0,29.4,71.8,3,3,1
37.4,78.5,23.8,61.5,11,1,0
35.9,60.1,31.8,73.2,3,4,1
35.1,85.7,9.8,57.9,14,2,0
34.9,39.5,32.4,77.8,8,5,0
34.1,66.6,24.2,57.4,13,4,0
37.1,82.2,27.1,58.5,8,5,0
32.3,54.3,39.7,57.3,1,5,2
30.4,63.1,17.9,63.9,5,2,0
36.0,60.2,30.2,58.1,9,2,0
36.1,56.8,34.4,66.9,9,5,0
35.7,67.9,29.4,57.2,8,5,0
35.5,49.5,15.1,69.9,10,4,0
33.7,63.7,38.8,77.2,8,5,0
36.5,71.2,26.3,62.8,2,4,2
34.4,62.4,23.8,84.2,1,1,0
33.3,53.0,25.5,73.3,4,3,1
33.7,77.4,24.9,83.4,2,2,0
39.6,73.8,18.5,61.4,10,1,0
30.2,52.5,29.3,45.4,14,3,0
35.7,49.5,23.2,54.9,13,3,0
30.3,53.6,33.4,56.0,8,4,0
34.2,71.5,32.1,52.5,13,4,0
33.4,68.3,41.0,40.0,9,2,0
29.3,74.5,26.3,72.2,1,5,0
35.5,61.1,21.6,43.4,8,3,0
33.5,53.9,16.2,71.3,8,3,0
29.3,76.0,45.5,83.9,8,1,0
36.6,58.4,33.3,54.2,12,5,0
38.1,67.2,22.5,65.9,14,2,0
38.2,46.4,41.5,58.0,3,1,0
35.4,58.2,38.8,70.3,0,5,1
34.6,77.1,17.2,50.1,9,5,0
37.8,56.4,22.0,60.7,1,2,0
38.7,74.8,26.9,73.2,6,3,0
37.3,37.0,19.4,61.5,13,5,0
32.1,58.3,27.2,45.7,9,4,0
35.0,62.9,33.7,74.4,14,3,0
35.6,85.9,17.0,49.0,0,3,0
30.0,51.0,30.3,62.8,10,1,0
35.7,73.1,37.3,67.8,4,5,2
40.2,77.7,31.2,63.2,1,3,0
36.1,56.3,27.4,87.4,4,1,0
38.2,60.5,22.7,69.3,14,2,0
35.0,66.7,34.6,60.0,6,3,1
34.3,47.2,18.6,68.0,13,5,0
35.5,59.5,29.9,64.1,1,5,2
32.5,80.3,28.2,62.4,9,2,0
32.1,71.3,37.0,64.4,6,1,0
37.7,63.1,23.3,57.7,4,1,0
37.9,66.4,24.0,64.1,8,3,0
32.0,72.0,18.1,56.9,9,3,0
36.9,74.3,31.5,43.0,0,3,1
34.3,58.3,24.6,73.4,9,2,2
35.3,83.4,21.1,56.3,4,5,1
35.7,80.8,21.9,63.4,12,3,0
37.0,73.1,32.3,54.4,2,5,2
34.7,54.9,19.2,54.7,4,2,0
38.0,52.8,19.9,51.6,14,2,0
35.3,61.1,35.2,71.5,3,3,1
36.1,65.7,26.7,73.9,1,4,1
32.4,43.8,35.6,62.3,8,2,0
39.9,70.9,25.1,56.6,9,3,0
35.7,80.4,28.0,45.1,8,3,0
36.3,71.9,29.3,70.0,6,4,1
30.5,56.9,39.1,55.2,1,4,1
32.4,55.5,38.4,50.8,4,2,0
37.6,68.6,37.2,62.3,0,1,0
35.2,63.2,23.0,58.7,12,2,0
29.7,70.3,20.1,46.8,3,1,0
37.1,72.2,34.1,48.2,9,3,0
33.1,78.1,39.0,65.4,3,3,2
38.0,51.4,37.3,55.4,9,1,0
34.3,67.7,28.1,67.1,1,5,2
35.0,60.6,33.8,63.5,1,4,2
37.4,63.8,34.0,72.5,4,3,1
32.3,75.4,29.2,53.7,3,1,0
32.0,76.7,29.5,64.3,4,1,0
34.0,81.8,28.8,68.4,4,5,1
36.6,70.1,21.7,55.7,10,2,0
31.2,63.7,22.5,73.3,6,5,1
30.3,62.0,22.4,45.3,2,4,0
36.6,44.2,15.2,53.7,13,4,0
33.0,81.1,29.1,45.0,9,5,0
33.5,61.1,27.7,54.6,6,5,1
29.9,71.1,34.1,60.5,7,2,0
32.8,73.1,38.1,70.3,4,5,1
34.5,50.1,38.6,60.4,5,1,0
36.8,53.9,39.3,56.0,1,4,2
32.6,83.6,21.9,46.5,12,2,0
38.6,68.5,16.5,49.9,5,4,0
32.8,58.0,35.4,65.1,10,5,0
32.8,63.5,39.1,70.8,0,3,1
38.3,78.0,40.4,57.8,1,1,0
35.0,76.2,31.9,74.1,5,5,1
33.1,47.4,12.0,52.5,0,1,0
34.1,84.6,30.9,58.1,14,4,0
37.9,76.6,32.4,58.9,0,3,1
38.2,63.2,38.0,77.3,8,3,0
32.5,50.7,39.4,63.3,5,2,0
34.4,77.6,35.3,44.0,3,3,1
34.7,70.7,23.3,71.5,2,1,0
32.0,47.5,19.8,80.5,4,2,0
34.4,62.2,32.3,59.5,0,3,1
34.5,102.5,21.7,53.0,8,4,0
37.4,65.2,39.8,70.6,3,3,1
37.5,56.1,14.4,81.6,0,5,0
33.7,52.9,32.5,70.5,1,2,0
34.0,86.3,30.6,45.8,13,1,0
36.2,75.2,26.3,69.5,3,2,0
33.0,81.9,20.6,66.0,8,1,0
36.0,68.0,11.5,52.5,6,3,0
34.3,80.0,23.7,74.9,7,5,1
32.1,54.8,23.9,66.4,12,3,0
32.1,67.0,36.9,75.1,10,1,0
38.1,68.4,21.7,51.4,8,3,2
34.1,81.6,31.6,66.0,3,4,0
38.6,68.8,17.7,53.0,12,5,0
33.2,57.5,31.8,64.5,0,3,1
35.2,65.8,10.1,76.8,8,3,0
40.5,44.9,44.8,47.7,9,3,0
31.9,37.1,26.9,48.3,14,2,0
29.8,75.0,5.6,71.6,2,1,0
37.7,60.5,22.3,61.9,4,4,1
32.4,61.9,21.0,73.7,0,1,0
34.4,75.0,22.8,53.9,3,4,2
33.0,81.8,25.1,62.5,13,3,0
35.2,71.4,22.7,68.9,0,3,1
32.1,88.1,21.5,64.1,11,2,0
34.1,71.0,18.7,44.1,14,5,0
35.6,68.6,34.6,90.2,1,4,0
32.0,67.9,37.6,64.1,5,1,0
32.7,49.6,26.0,48.6,13,5,0
33.6,76.5,27.9,65.1,10,1,0
30.9,35.7,19.0,66.3,1,5,1
33.4,58.0,28.6,71.9,12,3,0
34.8,65.3,29.8,71.3,12,3,0
33.5,55.5,26.2,59.9,4,3,2
33.8,59.6,31.2,44.8,6,3,1
34.5,87.1,30.5,66.6,4,1,1
32.9,78.2,19.6,45.6,7,1,0
36.2,56.8,37.5,74.2,11,4,0
38.1,59.4,26.3,54.7,10,4,1
33.3,49.7,41.4,68.3,14,2,0
35.7,73.5,31.4,55.4,1,3,1
33.9,62.0,43.8,57.1,13,2,0
35.4,41.4,37.4,54.0,13,5,0
38.4,66.2,29.8,69.2,5,1,0
35.8,70.3,22.2,55.8,2,4,2
30.1,76.6,22.4,69.7,3,2,0
35.6,64.1,32.3,56.0,14,1,0
37.6,60.5,29.1,59.7,0,1,0
33.9,88.8,23.3,62.4,1,3,0
37.0,65.1,34.7,63.5,1,1,0
32.8,73.6,28.3,52.8,2,4,2
30.8,58.5,34.7,69.0,11,2,0
34.9,73.3,20.2,59.3,0,5,2
30.1,47.5,36.0,67.4,14,1,0
33.9,59.5,32.0,61.8,5,2,0
37.7,50.5,37.6,67.9,7,2,0
29.7,57.7,35.8,57.9,8,4,0
31.3,80.0,27.3,54.1,12,2,0
31.9,57.7,26.7,66.3,9,1,0
34.3,73.6,42.3,57.1,0,3,1
33.6,83.2,25.7,76.6,12,5,0
38.0,64.7,34.0,62.7,1,5,1
36.9,76.9,24.9,48.3,7,3,2
35.7,71.4,13.1,56.1,12,5,0
34.9,66.4,18.2,52.0,7,4,1
35.5,74.0,31.2,72.7,6,4,1
32.3,87.1,33.6,69.7,4,2,0
36.6,57.4,31.3,61.4,11,3,0
31.7,53.5,37.2,64.9,9,5,0
36.6,52.8,31.1,61.1,12,5,0
37.5,76.9,21.8,70.6,13,4,0
35.0,78.6,32.8,67.2,8,1,0
34.1,58.6,29.4,69.0,5,1,0
35.5,39.4,23.4,60.1,8,3,0
27.3,56.9,31.8,55.7,5,3,0
35.3,71.6,28.6,68.7,3,4,2
34.2,64.2,23.2,77.5,5,2,0
34.4,67.2,26.6,73.1,7,4,1
36.3,58.7,39.3,77.8,3,5,1
34.3,77.2,39.0,63.6,4,2,0
31.6,69.1,29.5,52.3,8,4,0
34.1,72.0,28.5,53.2,2,1,0
34.7,66.9,16.5,75.8,1,3,1
34.8,71.3,41.8,43.4,11,5,0
34.9,70.5,36.3,77.0,12,2,2
37.1,53.9,34.0,54.1,4,4,1
31.8,69.5,9.8,81.2,2,5,0
34.9,74.5,28.3,61.3,6,3,1
37.7,78.9,27.0,69.2,2,5,1
30.2,70.0,33.5,85.9,13,4,0
34.9,53.4,24.4,58.7,1,3,1
33.0,55.3,26.1,58.5,7,1,0
33.6,59.8,33.0,55.1,5,4,1
32.2,67.3,21.8,52.0,6,2,0
34.1,63.5,23.4,58.7,11,2,0
39.1,51.5,29.5,56.5,3,5,0
31.3,51.4,38.7,49.5,13,2,0
31.6,39.8,34.5,59.9,14,2,0
31.2,27.6,36.6,66.5,6,5,1
38.8,63.4,28.5,53.0,5,2,0
33.3,92.8,40.0,60.4,3,4,0
34.4,86.6,14.1,76.1,12,3,0
33.5,53.3,44.2,47.8,10,1,0
32.1,66.8,45.2,81.3,6,3,0
33.9,47.4,31.7,55.3,10,3,0
40.6,49.3,34.7,64.0,5,4,0
38.0,50.6,27.7,74.8,10,2,2
32.4,62.3,26.3,77.8,12,2,0
36.1,62.8,23.1,66.7,6,2,0
32.4,68.0,27.6,55.1,9,3,0
30.1,73.0,32.4,54.2,8,5,0
37.0,61.0,31.4,56.3,1,3,1
37.4,65.4,43.9,80.9,0,1,0
37.1,51.9,28.8,58.2,3,5,1
33.3,48.9,16.1,65.2,3,2,0
34.1,47.0,41.2,51.6,2,3,1
36.4,72.8,18.2,50.4,13,5,0
35.5,60.9,23.5,62.3,9,1,0
33.5,42.5,30.2,58.8,0,1,0
30.5,64.2,31.3,59.5,13,2,0
34.8,50.0,16.4,47.2,4,2,0
37.2,84.9,22.0,61.3,14,5,0
31.5,58.1,16.2,77.5,3,4,1
36.1,73.2,33.0,53.5,1,4,2
35.3,78.1,37.5,71.0,1,2,0
36.4,53.5,18.2,27.4,5,3,1
36.7,65.9,36.0,54.0,13,3,0
32.8,71.6,35.4,42.9,8,1,0
30.5,66.4,22.7,74.4,1,3,1
33.2,69.3,12.1,70.8,4,2,0
36.7,49.0,19.4,51.7,7,5,1
33.1,71.6,23.2,64.9,8,4,0
32.8,59.2,40.3,74.0,12,5,0
29.9,69.2,27.1,75.6,0,1,0
38.9,76.0,19.9,57.9,0,1,0
36.6,73.0,29.2,39.9,10,3,0
36.4,69.2,17.6,53.0,1,3,1
36.9,72.7,32.1,69.7,10,3,0
35.9,73.3,20.2,83.0,5,4,0
33.9,82.9,21.3,61.5,5,5,1
34.1,64.6,31.0,55.9,2,2,0
33.4,67.0,42.0,86.0,11,2,0
41.1,76.2,45.6,66.1,2,2,0
35.9,59.1,19.7,49.7,0,2,0
33.3,49.0,23.2,60.8,8,3,0
35.7,70.9,32.1,72.0,2,5,1
32.0,62.5,37.4,61.3,2,3,1
38.3,50.5,10.7,69.9,3,3,0
32.8,71.0,28.7,45.9,9,5,0
35.8,82.2,24.1,47.7,11,2,0
37.2,45.4,12.6,54.7,13,1,0
35.5,77.3,17.3,59.2,14,2,0
34.7,34.6,23.5,65.3,3,1,0
34.5,60.2,28.5,68.4,3,2,0
34.4,87.1,36.1,86.7,3,5,0
33.1,61.1,30.8,54.6,2,5,2
33.4,66.1,35.6,58.9,0,5,2
38.2,74.2,28.2,54.9,8,2,0
34.2,44.4,22.4,72.8,0,3,1
32.5,65.9,26.5,73.3,0,5,1
33.2,65.8,33.6,57.5,5,4,1
37.3,87.3,36.3,82.7,12,1,0
36.2,50.2,26.8,54.9,7,5,1
35.9,60.4,20.6,72.3,5,1,0
33.9,53.9,30.7,76.5,2,2,0
35.9,52.6,31.8,48.4,10,3,0
32.9,78.5,37.9,67.8,4,4,1
33.9,65.3,22.6,34.7,14,4,0
36.9,58.3,22.7,70.2,2,4,1
36.7,58.8,34.0,51.0,11,2,0
32.0,58.2,24.7,67.7,10,2,0
32.4,59.3,24.4,69.5,5,4,1
34.8,49.8,38.0,73.2,5,5,1
38.8,61.9,17.0,70.9,14,5,0
29.7,60.7,44.4,62.6,11,5,0
35.2,55.9,23.1,58.2,0,4,2
31.1,66.9,34.9,61.3,8,3,0
32.9,67.9,27.1,50.8,11,4,0
33.6,58.3,30.2,59.9,5,1,0
33.4,63.3,25.9,59.1,10,5,0
33.2,90.9,34.9,54.1,9,5,0
34.5,90.4,25.2,44.6,4,3,1
33.2,52.4,23.4,49.2,0,3,1
30.8,54.0,42.5,30.5,0,3,1
36.4,52.3,28.2,58.9,10,1,0
36.4,77.7,22.6,65.6,11,2,0
36.6,60.2,16.1,35.2,5,4,1
30.6,67.9,42.9,64.4,7,1,0
35.2,89.0,23.6,60.8,7,4,0
36.2,64.9,44.5,50.2,13,2,0
31.9,73.5,31.2,57.7,7,1,0
34.5,71.2,29.1,72.5,8,3,0
34.2,57.9,29.4,52.3,8,2,0
39.1,77.7,45.7,62.8,1,3,0
39.3,54.8,10.5,65.5,10,5,0
30.3,81.1,29.7,53.8,13,4,0
40.7,58.0,25.9,72.1,1,5,0
32.2,59.3,26.3,66.0,1,2,0
37.0,51.9,29.2,59.5,7,3,1
36.9,53.9,25.9,85.6,11,4,0
32.0,59.9,29.5,72.1,1,1,0
35.7,35.8,27.8,45.1,11,5,0
34.2,62.2,17.5,58.1,3,2,0
35.9,58.9,31.1,86.7,2,3,0
35.1,74.5,33.7,52.2,2,3,1
37.5,70.1,23.7,62.7,7,1,0
34.7,56.5,42.9,74.3,8,2,0
34.1,59.5,38.7,68.5,6,1,0
37.2,62.2,34.8,70.0,9,4,0
36.0,82.8,34.7,69.4,12,4,0
36.3,55.1,28.2,62.3,12,1,0
32.8,56.4,37.1,54.1,10,1,0
31.9,51.5,40.6,66.3,7,5,1
33.1,47.2,34.5,58.0,3,2,0
32.9,68.7,23.4,57.2,11,5,2
36.5,67.4,27.7,76.8,10,4,0
36.9,80.4,32.6,58.2,13,4,0
34.1,77.5,34.7,79.1,10,2,0
38.1,93.8,27.4,64.6,2,2,0
37.9,64.1,23.5,60.4,8,4,0
35.1,61.9,40.7,43.8,10,4,0
32.4,49.4,19.4,83.2,14,3,0
38.4,73.4,20.5,61.9,4,2,0
34.3,66.4,17.4,39.3,12,4,0
34.8,72.8,20.5,71.9,4,2,0
33.7,51.3,38.0,61.5,5,5,1
32.3,69.2,38.2,52.7,14,4,0
30.8,67.5,27.4,71.3,2,2,0
36.1,66.7,32.0,36.5,3,5,2
32.5,56.8,27.9,54.9,12,1,0
42.1,79.3,18.5,59.0,13,5,0
31.8,89.6,45.7,70.5,1,3,0
31.4,51.7,39.0,84.4,12,2,0
35.8,73.6,30.8,59.6,8,5,0
38.3,30.5,21.2,66.6,13,4,0
34.7,73.0,26.2,89.5,7,1,0
35.9,42.6,22.5,62.0,8,2,0
29.9,58.7,28.8,66.7,3,3,0
32.8,49.2,30.5,49.6,8,4,0
31.8,62.4,25.3,81.6,6,5,0
29.8,75.1,16.4,54.9,6,2,0
34.8,42.7,45.1,64.7,4,5,1
28.9,60.7,29.9,64.4,6,4,0
31.2,58.8,31.7,62.9,2,2,0
33.2,84.0,24.6,57.7,12,5,0
32.4,70.2,15.5,64.4,6,5,2
35.5,50.9,27.3,79.6,5,2,0
35.3,59.3,25.4,84.8,14,3,0
36.7,83.7,33.7,60.2,7,5,1
36.4,73.6,35.2,57.5,10,3,0
37.4,54.0,34.1,53.9,14,4,0
34.5,61.8,35.9,88.9,12,4,0
35.3,62.2,42.4,63.3,5,3,1
35.8,58.5,31.1,73.2,7,2,0
34.9,44.5,36.8,69.0,12,3,0
33.5,56.9,32.0,84.1,7,5,0
33.7,81.7,12.8,59.5,4,2,0
32.5,60.4,26.8,50.9,7,5,1
35.6,63.8,21.1,80.6,0,2,0
34.3,66.7,29.9,71.0,13,3,0
32.8,91.6,21.7,66.6,8,1,0
32.8,65.1,32.8,77.4,3,5,1
31.5,78.1,35.8,67.1,7,4,1
36.9,57.8,37.6,77.7,0,1,1
34.7,61.9,41.0,64.5,11,2,0
32.3,65.2,14.6,71.0,7,3,1
36.5,55.7,18.4,67.3,0,3,1
33.1,62.6,51.4,58.7,6,1,0
31.0,75.7,36.1,59.9,1,5,1
37.1,55.4,29.8,58.1,5,3,1
33.2,65.0,28.3,64.7,12,4,0
33.5,73.5,27.5,57.4,9,4,0
34.6,55.1,12.5,66.4,7,1,0
37.4,78.1,21.8,66.0,7,2,0
34.6,65.9,27.1,64.1,7,4,1
31.5,63.0,22.3,64.2,1,4,1
35.9,40.9,23.3,56.3,3,2,0
33.3,60.5,48.5,59.2,12,2,0
39.2,69.5,26.0,45.3,13,4,0
34.5,85.9,30.2,60.8,2,2,1
28.9,71.8,29.9,52.1,13,1,0
35.4,78.5,32.7,63.0,0,3,1
39.4,50.5,24.2,54.9,7,1,0
38.4,63.5,38.0,41.5,12,3,0
39.1,79.6,31.5,84.5,3,5,0
32.0,54.3,17.7,59.7,14,1,0
36.8,76.6,27.1,76.5,14,2,0
32.7,73.8,26.6,56.7,6,3,1
35.1,68.3,26.3,79.0,13,1,0
31.3,61.1,32.1,50.5,1,3,1
32.9,53.2,33.1,63.8,7,2,0
32.8,86.3,32.1,51.1,4,4,0
36.7,72.6,30.7,88.0,9,2,2
36.5,69.1,28.7,59.5,3,5,2
35.2,60.0,10.8,70.3,6,5,0
31.1,65.5,34.2,66.5,10,5,0
33.7,67.0,31.9,61.7,3,1,0
32.6,69.8,20.1,67.2,12,5,0
36.7,73.8,30.2,75.6,10,1,0
37.4,55.6,33.2,68.7,3,2,0
37.1,47.4,37.4,63.6,10,5,2
32.6,66.0,32.1,67.2,4,5,2
27.7,44.0,30.6,81.2,8,2,0
30.1,61.1,35.6,57.8,9,5,0
38.1,58.9,25.5,43.5,12,1,0
33.5,70.9,31.3,51.0,5,2,0
32.6,88.8,23.0,51.8,6,1,0
38.6,41.7,36.9,53.2,6,3,2
37.7,92.3,15.1,53.5,12,5,0
34.6,62.2,34.5,61.8,12,4,0
33.8,69.2,28.1,64.5,3,3,1
34.2,48.0,35.7,64.4,1,1,0
35.1,77.0,21.8,54.7,14,4,0
38.5,65.5,28.7,71.9,2,2,0
35.6,64.3,28.5,67.3,3,4,2
36.3,41.8,31.5,77.8,1,1,2
37.4,65.9,19.6,70.5,2,3,1
31.6,75.1,33.1,58.5,0,3,1
36.4,62.2,13.2,75.1,9,4,0
33.8,79.1,22.7,64.7,7,5,1
28.2,78.6,15.5,70.0,1,5,0
29.2,57.3,34.6,69.2,9,2,0
32.0,84.1,31.2,60.8,2,4,1
35.8,65.5,31.6,63.0,8,4,0
34.8,65.6,39.8,60.7,10,5,0
35.0,66.2,25.5,53.5,6,5,1
39.4,65.8,32.9,40.6,4,1,0
31.3,33.4,28.5,55.1,13,5,0
34.4,62.8,27.3,64.0,12,3,0
35.3,48.6,38.5,72.9,12,5,0
32.7,84.5,44.7,70.0,2,4,1
34.6,84.0,24.5,59.2,4,2,0
30.5,75.2,34.7,55.2,5,2,0
38.0,62.1,30.6,60.2,2,5,0
32.8,52.9,30.6,52.2,5,1,0
39.6,57.1,30.0,40.8,3,1,2
34.4,88.3,25.3,46.5,7,1,0
37.1,56.7,-0.7,75.7,10,3,0
34.4,36.7,40.3,80.6,6,2,0
34.4,77.4,22.4,69.5,10,3,0
33.0,83.0,26.1,61.4,5,5,1
34.8,84.9,26.2,48.1,7,2,0
35.3,77.5,21.7,60.4,4,1,0
32.5,79.4,29.9,68.1,1,2,0
34.2,65.6,27.6,70.3,0,4,1
33.0,40.1,22.3,68.9,2,4,1
40.2,65.3,29.2,74.1,9,1,0
34.3,72.5,27.7,81.4,1,5,0
38.4,63.4,35.4,57.9,7,3,0
34.0,62.8,17.3,90.1,1,3,0
35.1,53.4,21.6,41.8,5,2,0
31.2,53.0,33.8,54.2,4,5,1
33.4,87.1,22.9,64.0,3,1,0
35.0,87.5,20.8,67.5,7,3,0
38.5,65.0,23.3,60.2,13,3,0
35.1,68.4,27.2,57.0,9,3,2
38.0,53.2,27.2,84.0,3,2,0
36.1,72.7,26.3,56.6,12,5,0
38.6,86.1,19.8,51.8,13,2,0
34.4,46.6,34.2,78.9,11,4,0
40.5,70.6,38.6,70.5,3,4,0
33.3,71.5,12.7,72.9,2,2,0
32.6,71.3,15.6,64.0,14,5,0
31.5,84.7,36.0,48.2,13,3,0
40.3,89.4,40.6,62.8,6,4,0
36.5,62.2,11.0,46.9,6,4,0
33.7,73.1,34.5,64.4,7,3,1
37.6,66.0,41.1,68.5,13,4,2
36.2,57.4,21.1,72.8,4,3,1
39.4,68.2,40.6,61.1,10,4,0
30.6,73.1,26.6,69.5,14,3,0
33.8,67.6,30.5,53.0,4,5,2
33.3,54.4,22.2,71.7,4,3,1
29.6,59.4,36.0,68.7,2,5,0
37.2,59.5,34.7,54.0,10,3,0
33.8,54.9,41.8,67.3,4,3,1
36.3,68.8,39.5,72.9,0,3,1
40.4,70.0,27.9,62.8,7,2,0
33.6,76.8,52.9,53.8,8,4,0
33.4,54.7,38.8,63.8,0,4,2
34.8,58.1,32.3,67.5,11,2,0
37.0,83.7,20.0,53.7,8,5,0
33.1,63.0,15.8,51.9,7,1,0
32.9,65.4,16.4,67.2,5,1,2
37.1,62.9,20.5,70.2,9,4,0
35.4,78.6,39.0,83.5,11,3,0
29.4,79.1,31.9,68.7,11,4,0
31.4,78.4,23.1,49.9,5,4,1
38.3,65.3,26.9,82.4,7,4,1
35.5,54.5,25.9,72.5,3,2,0
32.6,88.1,34.4,41.9,3,2,0
34.1,75.3,21.0,51.7,12,2,0
34.5,59.5,30.8,57.1,5,4,1
36.3,82.1,30.4,70.4,4,4,1
31.1,58.6,21.2,38.2,10,5,0
32.4,81.9,40.7,60.8,10,2,0
35.2,82.7,25.6,69.8,4,1,0
34.3,53.9,20.1,33.7,2,5,2
35.9,72.0,34.8,69.5,9,3,0
31.4,74.4,28.4,70.7,13,2,0
35.4,96.4,31.3,53.5,2,2,0
37.2,56.1,18.5,50.5,3,5,1
35.7,82.2,34.5,53.4,13,4,0
34.8,65.2,45.4,35.3,10,1,0
34.3,50.1,17.9,58.7,9,2,0
32.4,63.6,30.8,64.2,5,5,1
34.3,65.0,21.7,49.8,7,4,1
37.6,52.3,49.5,71.7,2,5,1
34.2,68.7,37.9,63.0,12,1,0
32.3,76.5,30.3,64.6,7,3,1
33.3,67.9,18.2,58.0,11,1,0
35.0,58.5,20.1,69.4,13,3,0
33.6,63.2,34.0,74.9,1,1,0
35.7,64.9,17.1,57.9,12,2,0
35.8,67.6,17.4,69.6,4,2,0
36.7,78.3,28.1,69.7,4,1,0
38.1,68.3,29.1,66.2,6,5,0
37.0,48.2,31.0,78.8,4,2,0
32.2,58.3,24.5,54.7,5,1,0
32.2,67.0,35.4,57.8,10,5,0
34.3,78.5,21.1,54.2,4,1,0
33.4,80.6,33.0,69.3,9,1,0
31.7,86.3,29.7,59.3,5,5,0
33.4,66.6,32.8,55.0,4,3,1
33.3,74.2,37.5,78.6,2,2,0
32.8,47.5,24.4,80.1,12,2,0
33.7,70.2,22.7,58.7,1,3,1
37.4,52.1,14.5,48.3,8,2,0
35.0,64.2,11.8,80.6,3,1,0
40.7,101.4,26.6,66.7,14,5,0
34.9,68.6,27.1,66.2,1,5,2
33.8,54.6,19.3,63.1,6,1,0
34.5,69.9,21.0,54.0,7,3,1
35.1,58.8,40.2,57.9,14,3,0
35.6,53.5,35.0,68.8,2,1,0
39.7,90.2,17.9,57.5,12,2,0
32.4,77.8,24.5,66.3,1,4,1
36.6,69.1,31.2,62.1,4,1,0
35.0,60.3,23.0,51.4,12,2,0
30.6,61.3,21.5,78.2,5,2,0
36.4,83.5,25.3,67.9,8,2,0
37.7,68.7,36.7,65.3,5,4,1
32.4,28.0,37.5,67.6,13,3,0
34.5,94.1,22.1,44.1,1,4,0
30.2,67.2,31.7,57.1,14,3,0
31.4,69.1,27.9,46.7,3,4,1
37.1,78.0,19.9,63.2,8,4,0
33.3,70.6,25.6,65.3,3,5,2
31.7,74.0,17.9,63.4,11,1,0
35.1,59.9,37.3,73.8,10,5,0
33.2,50.2,40.4,47.0,2,4,2
33.3,68.4,24.7,54.0,3,1,0
36.3,82.2,22.8,66.1,10,1,0
31.6,57.2,36.4,64.6,7,1,0
32.2,56.3,37.7,48.8,8,4,0
34.9,79.7,19.1,74.0,5,3,1
36.9,59.5,26.8,77.4,10,1,0
37.6,60.1,27.5,66.3,13,2,0
32.8,60.5,21.8,46.9,1,3,1
36.8,64.2,31.1,63.6,10,1,0
32.5,46.1,22.4,65.4,14,3,0
39.1,58.5,23.7,59.3,3,1,0
31.7,67.8,27.2,75.5,6,4,1
37.8,67.7,16.1,60.8,8,1,0
32.9,78.9,11.5,83.0,11,4,0
39.5,87.1,35.3,69.8,10,2,0
36.0,83.1,22.1,64.8,14,3,0
32.0,76.0,45.1,71.2,8,2,0
33.2,63.2,43.8,77.3,13,5,0
36.5,57.5,23.9,71.0,7,4,1
37.1,65.2,46.7,61.2,4,5,1
34.3,72.0,35.5,55.4,10,4,0
34.6,74.9,22.8,50.8,6,5,2
36.4,72.5,7.3,37.6,9,2,0
34.8,63.5,33.5,63.7,9,2,0
31.3,74.4,28.3,58.1,1,5,1
32.5,80.1,31.5,58.7,8,1,0
35.1,75.6,26.2,72.3,0,1,0
37.5,64.6,18.8,60.9,6,4,1
38.5,55.0,24.6,81.0,9,2,0
36.4,54.7,33.7,56.3,9,2,0
35.2,56.8,25.2,52.3,1,2,0
36.4,68.1,25.1,49.4,13,4,0
32.8,71.2,15.8,69.2,11,3,0
34.1,48.0,28.7,73.5,4,1,0
32.4,59.0,19.1,56.1,6,3,1
31.4,67.9,35.3,51.4,1,4,1
35.3,54.2,22.1,77.3,5,1,0
35.0,70.2,25.6,47.5,10,1,0
36.2,61.3,45.3,72.1,13,4,0
35.9,56.3,25.5,56.3,8,5,0
35.1,65.6,24.5,66.0,4,1,0
35.9,69.7,32.7,72.8,13,4,0
34.4,54.8,13.7,66.8,8,4,0
35.5,62.1,38.0,59.0,11,1,2
32.7,70.6,36.0,76.0,10,2,0
35.4,55.9,32.2,64.9,5,3,1
36.2,45.1,1.0,98.8,0,4,0
32.8,46.6,25.9,44.9,9,3,0
34.6,60.0,17.8,44.8,13,1,0
32.9,49.2,37.0,71.9,12,5,0
33.2,60.8,36.4,61.7,12,3,0
31.7,85.0,31.1,69.9,5,3,1
37.7,48.5,18.4,51.0,13,3,0
37.2,61.6,40.0,62.5,0,3,1
35.8,90.6,25.9,66.6,4,2,0
39.4,69.9,42.4,56.6,9,2,0
34.0,60.6,30.1,64.3,4,1,0
42.1,63.1,32.1,48.4,0,4,0
33.9,70.2,24.3,65.9,2,2,0
35.1,85.3,39.3,76.5,14,1,0
33.5,58.6,32.9,49.6,6,1,0
35.4,55.9,39.5,49.0,2,5,2
36.6,48.5,29.4,73.9,9,3,0
34.2,66.2,27.6,48.8,5,4,1
38.9,48.1,32.8,70.4,5,3,0
35.1,59.4,39.5,62.6,14,5,0
35.2,54.1,36.1,57.8,8,5,0
32.2,77.9,29.1,76.7,1,4,1
35.5,58.9,13.1,71.3,14,5,0
34.2,69.8,34.5,64.8,0,2,0
33.0,45.8,16.5,40.5,10,3,0
32.6,66.6,28.3,69.1,1,2,0
41.2,50.6,27.1,51.3,4,5,0
33.8,59.9,16.7,59.8,14,2,0
30.9,91.5,31.0,62.1,2,4,0
32.8,76.2,45.2,81.0,14,2,0
34.4,63.5,25.5,59.5,4,4,2
35.9,103.4,34.1,47.8,5,1,0
35.9,54.0,46.8,76.7,14,4,0
36.2,79.0,34.9,69.3,11,5,0
32.9,46.6,22.8,69.6,4,3,1
35.4,62.1,29.9,76.9,11,3,0
32.3,48.8,31.8,79.2,7,3,0
33.0,68.1,39.5,53.1,1,3,1
32.2,65.7,37.7,48.1,3,3,1
31.5,61.3,5.8,70.4,3,3,0
37.2,78.1,21.2,59.4,7,3,1
36.2,58.2,27.4,60.3,13,1,0
36.9,68.9,19.9,50.8,8,3,0
34.6,74.8,-1.6,67.8,2,3,0
36.4,47.2,22.2,66.0,9,5,0
30.1,56.0,28.0,60.4,7,2,0
36.7,65.6,23.8,48.1,5,5,1
34.9,72.6,20.0,74.1,3,5,1
36.1,82.1,28.3,64.6,10,4,0
35.5,62.4,30.7,73.2,8,4,0
32.0,61.2,24.3,41.0,6,2,0
30.8,54.5,39.0,62.6,2,1,0
32.7,69.0,28.5,54.8,1,4,2
35.9,61.4,21.0,62.4,3,4,2
36.2,61.7,19.0,71.4,9,5,0
31.1,63.9,26.3,65.7,0,3,1
32.0,71.6,36.9,62.2,1,5,2
32.7,58.2,21.4,62.1,14,1,0
33.6,55.7,32.8,46.4,4,1,0
31.1,70.2,28.8,52.9,1,1,0
30.9,28.7,43.9,73.2,14,2,0
32.4,57.8,31.1,56.9,6,1,0
34.7,51.2,22.4,73.4,0,1,0
31.5,79.4,33.9,70.3,6,5,1
34.2,59.7,34.2,70.8,0,1,0
37.1,58.3,24.8,65.3,4,5,1
31.2,64.4,18.7,57.6,14,4,1
34.0,57.9,32.3,60.5,11,4,0
37.1,60.2,28.5,68.4,6,1,0
33.5,66.2,15.9,40.7,5,1,0
33.1,59.9,30.0,74.4,8,1,0
37.4,59.8,22.9,57.0,9,2,0
33.7,52.9,15.9,61.1,11,5,0
37.3,51.2,25.2,61.2,8,3,0
35.6,65.7,38.3,61.6,1,2,0
33.6,68.7,37.7,48.9,12,2,0
35.7,47.9,35.6,63.5,5,2,0
35.3,74.1,30.2,67.9,12,3,0
37.1,74.2,32.8,41.6,12,5,0
33.1,76.7,28.8,49.0,3,1,0
34.6,68.6,19.2,71.0,7,4,2
34.3,72.6,20.8,69.1,11,1,0
36.3,91.2,23.1,65.0,5,2,0
31.9,61.4,39.2,55.2,11,3,0
37.0,52.5,36.6,69.2,7,1,0
35.7,46.6,19.4,50.0,13,2,0
31.2,86.1,28.4,60.6,13,4,0
37.5,86.2,24.8,48.9,14,4,0
40.1,53.9,26.8,60.4,3,1,0
37.0,56.3,23.7,51.7,11,4,0
38.1,61.1,39.2,69.6,11,3,0
34.7,79.7,27.8,66.3,6,4,1
30.3,49.6,29.7,56.3,2,2,0
29.9,41.4,29.8,72.9,4,5,0
35.1,91.0,19.8,52.4,7,4,0
33.0,68.7,28.9,61.6,12,4,0
32.2,70.5,36.5,55.9,13,1,0
34.3,62.5,39.8,69.4,13,4,0
36.0,70.6,18.8,68.4,14,2,0
30.9,46.8,15.9,75.0,1,4,1
33.4,54.9,28.5,62.8,14,4,0
38.3,66.3,36.9,32.4,8,5,0
31.8,37.7,30.9,57.7,1,5,1
36.7,61.4,33.4,77.7,1,2,0
33.3,60.6,17.1,58.8,3,1,0
35.9,61.4,23.4,42.8,3,3,1
37.2,58.4,10.4,66.5,1,3,0
36.4,53.0,26.9,67.2,5,2,0
36.8,43.1,10.7,54.7,8,3,0
31.6,66.7,38.7,59.5,4,3,1
37.3,61.4,40.4,53.5,10,4,0
32.4,48.5,29.1,67.2,10,2,0
35.1,65.8,15.9,62.6,5,4,1
35.1,61.5,31.0,50.3,1,5,2
35.7,59.5,42.9,61.9,4,4,2
35.3,39.1,31.8,54.7,9,4,0
32.4,73.2,37.5,76.6,5,2,0
31.1,50.2,24.1,70.9,8,2,0
36.7,65.8,21.0,60.8,12,1,0
35.0,55.3,27.4,62.8,11,3,0
37.4,60.3,12.6,72.1,9,1,0
34.4,78.8,46.1,60.3,1,4,1
31.0,71.4,29.1,69.6,11,5,0
36.9,78.6,34.9,76.8,4,5,1
33.6,69.0,24.3,57.1,6,1,0
35.4,69.8,15.7,78.5,10,4,0
32.9,43.6,39.4,75.6,12,3,0
38.6,61.2,19.0,64.5,10,1,0
32.3,62.3,30.8,57.6,4,4,2
33.7,79.7,31.5,64.4,6,5,1
34.8,58.9,28.6,59.6,5,3,1
31.8,68.2,21.7,54.1,6,5,1
35.3,67.7,26.8,67.3,11,1,0
38.5,78.9,20.4,51.8,14,5,0
33.3,63.4,34.5,58.6,5,4,2
35.5,74.9,32.6,58.7,4,4,2
27.6,44.5,27.8,48.3,13,3,0
34.4,45.6,23.5,68.6,2,1,0
33.7,37.6,44.9,59.7,5,3,1
32.5,74.4,17.6,75.0,14,5,0
37.2,73.1,15.6,59.6,13,3,0
33.7,75.8,27.3,57.9,12,1,0
34.1,56.9,25.9,53.0,13,3,0
33.6,58.2,36.8,62.4,3,1,2
29.7,63.5,33.2,62.4,0,3,0
31.7,82.3,28.2,69.4,12,4,0
36.9,85.3,32.0,62.7,7,1,0
29.2,74.5,31.9,82.9,3,3,2
32.6,69.0,44.8,66.6,7,3,1
33.5,81.0,30.0,52.1,12,4,0
38.9,61.9,22.6,51.3,7,1,0
36.4,60.3,29.6,67.3,9,4,0
33.1,63.5,7.1,51.8,7,4,0
37.8,53.3,27.7,67.9,7,1,0
32.6,62.9,36.7,71.0,14,1,0
37.0,51.6,32.8,71.2,13,4,0
31.1,77.3,30.4,53.3,6,5,1
37.2,71.5,33.2,71.2,12,5,0
33.5,82.2,36.8,65.2,10,4,0
31.9,45.4,39.4,55.9,1,5,1
34.0,87.8,31.6,60.4,12,4,0
35.2,46.1,25.5,66.7,10,1,0
33.3,50.6,9.5,55.3,12,3,0
35.9,57.6,35.8,65.0,11,2,0
33.0,80.7,32.1,76.5,14,2,0
36.1,67.7,29.2,71.6,8,1,0
35.6,62.1,22.5,62.8,0,1,0
34.3,55.5,35.7,64.3,4,4,2
33.4,48.5,25.9,56.6,2,1,0
34.9,78.6,27.7,56.9,3,4,1
35.9,74.6,27.6,46.6,8,2,0
39.7,81.2,31.6,64.5,14,3,0
36.8,69.8,18.8,68.8,11,2,0
36.9,33.3,32.5,61.3,6,2,0
42.2,50.1,22.2,53.2,7,3,0
35.8,70.6,22.5,62.7,7,4,1
35.7,60.6,35.1,75.4,6,3,1
36.3,58.3,20.0,71.0,8,4,0
32.0,51.8,35.1,61.7,14,5,0
33.4,76.4,28.8,82.5,1,3,0
33.2,70.5,14.8,89.0,5,5,0
36.1,71.0,38.9,57.2,1,1,1
34.1,57.4,30.5,59.5,12,3,1
34.8,67.1,31.2,68.9,2,3,1
37.2,48.9,36.1,52.9,9,1,0
36.7,63.4,40.0,70.5,0,5,1
34.1,34.7,29.6,63.0,7,4,1
32.8,46.2,32.9,65.7,13,3,0
37.3,61.1,31.0,56.2,14,4,0
36.4,93.5,25.3,54.1,2,4,0
30.5,43.4,15.3,42.1,9,4,0
33.7,50.1,29.7,76.8,3,2,0
34.9,67.6,39.0,71.4,10,3,0
36.4,86.2,32.7,68.7,8,2,0
36.8,67.4,19.5,65.5,11,5,0
35.2,73.4,36.8,39.0,13,1,0
36.0,60.9,25.5,54.5,5,5,1
34.7,58.9,11.3,59.4,0,2,0
32.8,66.0,36.1,51.2,4,4,2
33.8,57.1,20.4,45.1,3,1,0
34.5,73.7,42.2,52.2,1,5,2
34.4,45.7,37.2,62.5,10,3,0
29.8,75.7,26.2,62.5,13,5,0
33.5,65.5,31.7,71.1,7,2,0
34.6,62.4,47.4,82.6,7,5,0
33.8,45.3,36.0,68.9,8,5,0
33.9,53.2,29.9,60.2,13,1,0
35.7,79.4,51.1,80.0,0,2,0
31.8,62.5,28.9,46.2,7,3,1
30.4,68.3,32.7,41.2,13,2,0
33.6,54.4,20.5,53.1,2,5,2
36.4,64.7,14.6,70.1,8,1,0
38.7,48.5,25.7,63.7,0,2,0
36.5,66.2,28.3,50.7,12,2,0
30.8,69.4,30.6,54.7,9,3,0
33.9,68.8,16.6,49.6,14,4,0
35.1,54.2,33.3,49.6,4,1,0
34.9,60.9,21.4,77.5,10,4,0
35.8,71.4,32.9,60.6,11,3,0
32.2,62.5,35.5,79.7,0,4,0
34.7,61.6,24.8,53.1,11,1,0
35.6,87.8,20.3,66.9,10,5,0
36.6,53.6,40.3,64.3,9,3,1
32.5,78.0,35.0,70.8,8,2,0
33.6,51.1,29.2,64.5,12,4,0
27.7,72.9,39.7,71.9,1,3,0
32.9,73.5,28.7,67.5,5,2,0
33.2,58.9,23.0,51.1,4,1,0
32.0,50.4,20.0,69.3,12,3,0
34.9,41.4,27.1,61.0,2,2,0
34.4,57.6,34.2,54.2,0,4,2
28.9,71.3,39.1,68.9,13,2,0
35.0,52.1,28.2,71.2,5,1,0
32.2,66.2,37.7,57.2,11,4,0
35.7,47.3,26.3,58.5,3,5,1
31.3,62.2,21.7,48.1,10,5,0
34.6,51.2,17.5,44.0,13,3,0
33.8,64.1,24.0,59.6,11,2,0
35.3,59.0,17.9,69.9,4,2,0
34.8,50.7,44.1,56.3,9,2,0
33.9,57.1,31.5,76.3,12,1,0
30.7,53.8,27.2,59.9,12,5,2
30.8,49.2,41.8,60.0,4,2,0
33.0,78.0,17.6,59.1,3,4,1
34.5,60.7,26.9,71.8,6,2,0
33.0,38.6,44.0,52.4,3,4,1
36.1,57.5,26.8,60.7,10,5,0
33.8,76.0,47.6,56.5,8,3,0
32.1,55.9,34.3,56.4,7,5,1
33.8,83.0,38.4,62.4,12,2,0
35.1,54.7,38.7,60.9,3,2,0
35.3,71.0,28.0,72.5,12,4,0
39.2,77.4,24.1,61.9,8,1,0
32.8,70.4,27.1,67.6,14,1,0
34.3,48.5,20.1,63.7,8,2,0
35.6,53.7,27.5,76.0,11,3,0
34.4,79.0,28.0,59.0,2,3,1
33.2,55.3,41.5,59.0,3,1,0
30.6,76.7,32.7,69.5,8,3,0
33.2,59.8,46.9,58.8,3,4,2
31.8,66.7,10.7,67.0,0,2,0
30.2,48.4,18.3,85.4,6,3,0
32.5,57.7,25.2,52.2,3,2,0
31.9,54.5,39.9,77.3,9,1,0
36.0,67.7,27.1,57.1,8,4,0
36.0,66.1,16.3,75.4,7,3,1
32.2,70.6,26.0,68.9,12,5,0
33.8,59.1,18.4,68.0,1,1,0
29.9,53.8,16.9,60.5,11,1,0
33.3,67.2,44.0,59.5,7,4,1
35.5,52.6,25.2,54.8,10,5,0
36.6,77.9,29.4,62.1,12,5,0
32.7,63.6,27.3,60.2,4,5,2
37.1,61.1,26.0,63.9,3,2,0
30.7,70.5,21.3,47.9,11,4,0
31.4,64.1,25.5,62.2,9,1,0
36.3,45.1,30.7,74.6,2,3,1
38.7,52.3,39.3,71.4,4,5,1
35.7,77.7,35.6,62.2,12,4,0
34.4,66.0,18.2,87.6,8,5,0
29.0,44.8,35.9,56.2,13,5,0
29.4,69.2,31.8,61.1,10,4,0
34.8,58.3,23.0,47.5,3,4,2
33.6,54.5,29.5,58.0,3,2,0
31.7,51.3,32.6,79.9,14,3,0
34.7,77.0,28.4,58.3,11,1,0
34.8,41.4,31.8,46.7,8,3,0
36.9,54.9,21.1,70.7,10,5,0
34.8,66.4,43.9,65.9,6,1,0
37.6,83.9,12.6,70.3,4,3,1
34.5,71.6,32.6,59.0,12,5,0
34.2,54.8,30.9,51.9,13,2,0
37.2,83.4,33.1,60.2,13,3,0
32.1,48.7,22.3,67.5,11,4,0
41.5,68.2,37.4,61.3,13,4,1
35.4,70.9,27.1,65.9,7,4,1
35.5,54.4,18.5,56.6,4,1,0
35.8,73.4,19.2,66.3,1,1,0
39.2,58.8,29.0,62.0,4,4,0
36.5,73.3,15.2,54.9,6,5,1
30.5,42.9,42.4,63.4,1,2,0
38.0,69.0,36.4,58.1,4,3,0
33.6,60.1,42.6,68.2,13,1,0
34.8,78.8,41.8,70.7,3,1,0
31.3,64.5,25.2,67.0,5,3,1
35.8,80.0,21.0,45.7,9,1,0
32.9,71.1,6.6,52.4,13,3,0
34.8,63.5,24.8,55.6,13,3,0
33.8,74.5,42.1,54.0,12,1,0
39.3,74.5,21.4,56.6,2,3,0
39.5,70.7,26.3,71.3,1,3,0
34.6,37.5,23.6,69.0,11,1,0
34.7,53.2,31.0,57.8,13,2,0
33.6,81.6,38.3,67.9,9,3,0
37.3,49.9,15.7,65.3,13,5,0
33.7,75.6,17.2,61.7,10,3,0
33.4,73.5,39.9,73.5,5,4,1
36.9,56.3,33.9,55.4,12,3,0
33.2,41.1,25.9,62.5,11,5,0
34.4,58.2,41.7,51.5,5,5,1
30.5,89.9,17.1,52.0,8,3,0
36.3,54.6,35.4,48.4,8,2,0
39.4,55.5,27.5,52.1,1,3,0
36.3,53.0,32.9,62.8,4,5,2
38.2,79.6,8.9,59.0,3,3,0
32.4,62.1,25.9,59.3,4,2,0
35.1,57.5,33.9,59.0,7,4,1
32.1,82.0,27.5,79.7,7,1,0
33.9,72.0,38.0,50.6,12,2,0
36.4,54.0,37.8,49.6,0,1,0
34.8,50.3,20.3,53.5,12,5,0
31.0,78.9,34.6,61.3,3,5,1
31.2,65.2,20.1,67.1,5,5,1
31.0,46.4,28.4,68.2,2,1,0
35.7,43.6,33.2,71.4,0,5,1
39.7,51.6,21.3,60.9,1,2,0
37.9,50.1,34.3,58.0,3,5,1
29.8,40.4,24.0,78.3,5,2,0
38.1,51.8,23.4,34.2,4,2,0
36.8,54.0,33.7,62.6,1,4,2
30.6,59.4,21.3,66.3,5,4,1
33.7,85.3,20.9,80.7,2,2,0
37.2,61.8,36.3,45.4,10,5,0
35.9,63.0,28.9,57.8,10,1,0
31.2,71.1,16.4,48.4,0,5,1
36.0,62.2,34.8,44.0,9,3,0
29.2,69.8,24.7,60.0,13,3,0
33.9,68.4,16.8,70.3,14,5,0
37.3,66.5,7.9,74.1,0,1,0
34.5,98.2,35.2,56.7,13,5,0
33.3,75.9,21.1,68.7,6,2,0
36.7,52.0,18.0,60.0,13,5,0
36.9,69.4,33.1,67.6,3,4,2
37.8,55.5,34.4,73.5,10,2,0
36.7,70.4,21.7,60.1,12,1,0
37.2,48.5,35.3,72.8,3,1,0
36.3,51.7,44.4,49.9,11,1,0
35.2,69.1,38.8,68.6,2,1,0
34.7,77.0,37.5,72.3,10,4,0
33.9,71.0,30.5,71.3,14,5,0
31.5,75.2,24.5,50.1,4,4,1
32.1,69.5,27.6,59.9,14,4,0
33.8,67.1,31.5,65.0,10,5,0
35.1,59.0,17.9,66.4,7,4,0
38.1,74.8,21.8,63.2,4,1,0
34.4,77.3,16.6,76.3,8,3,0
37.0,64.2,29.9,49.0,14,4,0
37.2,63.6,28.7,59.6,0,3,1
33.9,84.1,22.8,45.1,12,2,0
36.0,64.8,34.6,68.2,2,3,1
33.9,65.9,19.6,67.5,13,4,0
37.8,70.8,22.5,95.5,8,2,0
36.1,63.8,34.2,72.3,13,2,0
31.5,55.2,35.4,65.3,2,3,1
34.9,69.5,21.6,64.5,0,3,1
38.6,64.5,29.9,58.8,7,2,0
34.0,87.1,21.8,63.3,11,2,0
35.6,74.5,26.4,64.8,11,1,0
35.9,57.9,29.2,42.4,11,4,0
31.9,73.7,32.5,64.0,12,2,0
35.8,68.7,30.5,63.0,11,5,0
31.0,80.7,30.2,79.5,12,5,0
32.9,58.7,19.4,60.7,2,4,2
37.2,67.3,31.1,54.3,3,5,1
35.4,63.8,32.4,64.7,0,5,2
33.7,65.7,33.5,62.7,6,4,1
35.6,54.4,22.2,60.7,3,2,0
34.3,71.9,35.3,49.2,9,5,0
34.5,70.0,17.5,60.4,8,2,0
36.1,80.4,24.6,56.2,8,1,0
32.7,64.9,25.8,59.8,9,3,0
34.6,60.1,17.9,69.3,14,1,0
33.7,74.5,25.7,55.3,1,1,1
30.5,55.5,29.8,59.8,4,1,0
32.2,78.0,13.4,67.4,6,5,1
38.4,78.0,24.8,59.3,1,1,0
35.5,80.1,14.0,88.1,12,2,0
31.2,69.5,44.3,64.5,5,4,1
30.6,59.2,29.7,49.6,2,5,1
34.2,66.3,29.0,53.6,7,1,0
38.4,69.6,29.9,52.6,2,5,0
34.0,58.3,32.8,53.7,5,5,1
37.8,81.0,35.8,67.4,9,5,0
35.4,72.0,15.5,50.9,4,4,1
35.7,54.3,38.5,58.7,12,3,0
31.2,87.6,38.0,73.4,3,1,0
36.8,66.2,27.5,56.8,1,1,0
33.7,51.9,27.1,68.7,6,5,1
36.7,55.0,3.2,45.2,2,5,0
32.5,82.9,18.0,58.3,10,5,0
34.9,86.9,32.2,53.1,7,4,0
35.4,77.1,37.6,65.0,2,3,1
34.1,80.8,33.8,51.7,5,1,0
35.5,79.6,27.4,82.7,12,1,0
33.8,71.7,43.4,45.6,12,2,0
32.9,68.9,36.0,73.4,9,3,0
38.5,71.5,24.8,70.8,13,2,0
37.1,73.8,45.5,65.1,1,3,1
32.6,56.1,19.2,62.5,10,4,0
35.9,73.8,16.2,80.5,0,4,0
32.6,82.5,24.6,86.7,8,5,0
31.5,62.5,21.9,59.9,0,2,0
37.1,61.2,25.1,63.6,5,5,1
30.2,70.7,34.4,56.5,1,5,1
36.8,57.2,27.7,50.3,3,2,0
33.9,49.2,27.9,66.6,9,2,0
34.0,78.8,28.5,64.5,11,5,0
35.5,59.6,9.5,45.9,14,5,0
36.0,65.2,15.9,66.6,14,3,0
32.4,57.7,24.9,64.8,1,1,0
36.3,80.3,21.3,56.0,13,4,0
34.8,75.2,26.1,55.3,4,5,1
31.4,62.1,39.2,66.2,13,3,0
34.1,50.8,27.4,78.1,12,1,0
38.0,60.8,17.4,66.0,13,4,0
38.7,71.8,21.7,69.8,7,4,1
36.3,67.3,41.7,53.7,11,5,0
31.5,66.3,40.3,57.9,6,5,2
35.7,67.5,32.8,68.1,1,3,1
36.6,74.1,15.5,48.4,7,2,0
36.3,64.5,30.5,64.1,3,1,0
36.5,70.4,31.1,66.9,1,1,0
35.4,53.2,28.2,61.6,2,5,2
34.3,95.6,23.4,65.2,3,5,0
33.0,61.6,25.1,62.6,11,4,0
29.8,67.4,22.9,55.8,14,5,0
35.3,71.8,18.8,50.2,12,2,0
35.0,60.1,38.9,61.1,9,4,0
35.9,65.1,35.1,75.0,13,2,0
31.2,64.9,25.7,72.2,4,2,0
36.1,54.0,30.8,58.5,13,4,0
39.6,70.3,31.1,58.3,14,1,0
34.7,45.2,46.7,57.6,2,3,1
34.3,86.0,35.0,57.6,5,3,0
35.3,74.5,34.7,64.9,4,3,1
39.6,72.7,28.3,72.6,2,4,0
31.9,44.2,24.5,84.6,2,2,0
35.0,55.5,39.1,53.7,14,1,0
32.5,81.7,33.2,68.5,2,4,1
33.1,114.8,21.4,67.4,9,1,0
34.4,79.3,31.6,58.7,13,5,0
37.9,77.4,34.7,51.7,11,5,0
39.0,71.3,11.2,64.8,6,2,0
35.6,54.8,20.6,83.2,0,4,0
33.6,76.9,30.9,64.7,6,3,1
40.7,51.8,12.6,54.1,4,4,0
33.4,50.5,13.9,60.4,12,2,0
33.1,49.7,25.8,50.6,14,5,0
30.1,76.7,31.9,62.2,3,5,1
38.0,64.3,32.3,68.8,2,3,1
36.9,66.2,40.7,55.1,12,5,0
40.5,64.8,28.7,29.4,13,2,0
31.0,51.5,25.0,64.8,14,4,0
38.1,57.0,17.5,57.0,11,5,0
34.7,57.6,24.9,54.5,6,4,1
36.5,48.1,33.7,54.4,5,5,1
30.4,58.9,34.0,66.0,0,2,0
38.2,52.0,30.1,57.9,13,1,0
36.5,71.9,32.4,71.3,14,3,0
34.4,72.9,38.2,71.5,13,2,0
36.1,49.5,28.6,59.3,8,4,0
32.6,61.4,38.9,56.8,13,2,0
33.1,87.3,22.2,63.3,0,5,0
33.3,53.2,27.4,60.5,6,1,0
29.9,70.1,24.2,44.5,1,5,0
36.7,66.3,34.3,81.1,8,2,0
37.5,78.1,19.9,69.1,0,2,0
32.7,68.5,25.4,57.4,4,1,0
35.4,59.8,13.1,42.8,6,4,1
33.8,65.8,32.8,60.2,1,4,2
35.3,66.0,38.0,56.1,1,5,2
32.9,63.9,35.3,61.4,13,1,0
32.3,49.2,34.5,40.4,4,3,1
37.1,79.9,34.7,57.3,14,5,0
34.3,77.8,33.6,57.9,5,1,0
39.6,52.5,32.9,60.1,0,3,0
34.6,61.4,33.4,59.6,1,2,0
32.2,62.3,22.8,62.5,10,2,0
37.6,51.1,26.4,77.2,0,4,1
36.1,42.6,28.6,56.8,14,5,0
36.3,57.0,25.3,52.9,3,1,0
37.5,60.7,15.5,44.7,9,4,0
32.9,47.7,18.1,56.9,6,2,0
34.2,67.1,29.8,48.0,0,4,2
34.1,79.0,35.2,71.6,10,5,0
31.3,75.1,28.1,61.0,0,5,1
33.8,63.5,50.1,71.4,11,1,0
37.8,42.9,20.6,76.7,7,5,1
35.1,73.6,31.6,53.3,4,5,2
31.1,66.8,38.3,58.5,14,4,0
30.6,70.1,36.5,75.3,3,2,0
38.7,88.2,33.2,63.9,4,4,0
34.3,55.1,36.6,67.2,9,1,0
32.9,30.5,28.4,72.3,5,2,0
33.8,52.4,41.3,71.0,7,5,1
30.8,70.8,38.3,66.1,11,4,0
38.1,65.3,21.2,76.0,13,2,0
33.5,50.4,30.6,61.3,12,3,0
37.9,48.0,15.6,67.2,1,1,0
34.6,60.7,40.2,60.2,14,5,0
38.1,50.0,29.8,72.2,6,3,0
35.1,71.2,38.8,55.0,12,3,0
36.6,60.1,27.1,45.2,4,2,0
36.3,57.5,13.1,68.5,8,2,0
36.1,55.9,49.1,51.8,14,2,0
35.4,68.2,29.0,50.8,14,3,0
33.9,65.5,20.0,74.6,9,3,0
39.3,67.4,37.2,71.7,9,3,0
32.2,67.2,44.3,58.6,0,3,1
34.5,64.1,26.4,31.5,9,3,0
34.5,52.6,27.2,67.3,6,2,0
35.5,56.2,29.9,68.6,0,3,1
33.4,60.3,19.1,67.2,14,2,0
35.3,89.8,22.5,66.7,6,5,0
34.1,48.8,42.3,60.2,11,4,0
30.5,60.0,26.9,57.9,0,2,0
34.5,66.2,21.3,50.9,3,4,0
31.7,61.4,24.4,55.0,13,5,0
30.2,77.9,36.6,65.2,14,4,0
34.8,61.3,12.2,65.4,0,4,1
35.7,62.2,30.0,69.9,13,2,0
35.8,74.8,47.7,47.9,4,1,0
35.9,86.7,44.2,45.4,3,3,0
29.7,81.9,32.6,58.2,14,2,0
31.1,63.4,38.5,51.8,8,1,0
39.4,64.4,38.5,63.9,11,5,0
31.9,65.6,27.0,48.9,2,2,2
36.0,66.8,35.4,73.8,11,5,0
32.8,54.8,42.3,53.8,5,4,1
34.7,76.2,17.9,77.9,10,1,0
32.9,67.5,32.6,67.2,9,1,0
35.9,64.5,30.9,51.4,0,3,1
34.8,49.7,28.8,82.9,13,4,0
33.4,65.7,28.1,64.7,4,2,0
31.9,42.3,29.9,63.7,5,1,0
35.2,58.0,30.5,61.3,11,4,0
31.5,58.2,36.9,66.7,13,2,0
35.6,68.4,31.8,67.3,13,1,0
41.1,87.6,26.6,53.4,6,2,0
37.9,71.9,21.3,59.9,5,2,0
36.3,82.4,24.2,63.2,12,3,0
34.3,72.7,30.1,67.8,3,2,0
29.7,78.5,22.4,68.0,9,3,0
31.2,87.3,35.6,63.6,3,3,0
37.7,56.2,31.4,56.5,3,1,0
32.5,55.4,37.1,56.0,8,2,2
32.8,73.0,22.9,50.1,12,3,0
34.1,65.0,21.4,67.9,4,4,2
31.8,67.6,37.1,55.8,10,1,0
31.4,62.0,29.0,60.1,0,5,1
34.4,57.8,26.4,64.4,10,1,0
32.3,84.4,33.6,62.0,5,4,1
32.6,51.8,33.3,61.9,1,2,0
32.5,73.2,18.0,53.0,8,5,0
35.8,71.3,39.1,64.7,3,4,1
33.9,46.1,24.7,58.9,9,4,0
34.1,55.0,41.6,61.1,0,5,2
36.0,57.0,17.3,73.6,5,1,0
34.1,71.8,30.5,67.1,3,5,2
33.8,60.6,26.5,56.3,4,1,0
35.7,64.0,12.2,60.5,0,3,1
36.2,47.5,33.3,78.0,4,4,1
34.1,92.9,12.6,58.9,1,5,0
34.7,65.9,25.7,62.4,9,4,0
32.5,71.0,36.8,68.6,6,4,1
32.3,58.5,23.8,64.2,4,5,2
36.4,57.2,20.8,58.3,9,1,0
35.6,88.0,34.4,54.6,13,1,0
35.6,42.0,26.0,61.9,8,1,0
35.2,68.3,24.8,68.6,4,2,0
34.6,50.5,38.2,75.2,6,3,1
36.2,60.1,18.7,47.3,11,5,0
36.8,57.3,24.3,79.6,1,2,0
36.8,53.2,34.9,59.1,4,5,2
34.2,65.4,18.1,71.2,7,4,1
38.0,34.2,42.2,54.6,9,3,0
35.1,61.2,26.3,45.9,8,4,0
36.1,63.9,35.0,48.9,10,3,0
35.2,48.7,35.0,58.7,14,1,0
35.1,83.2,26.8,67.2,2,5,1
32.7,57.9,24.2,62.3,7,1,0
36.3,62.2,27.7,59.5,5,3,1
41.6,57.9,33.7,73.2,1,1,0
33.6,64.0,20.1,62.0,1,4,2
34.7,80.7,18.4,64.8,9,4,0
33.4,94.7,39.9,93.1,7,5,0
33.3,73.9,22.1,61.9,4,5,2
38.4,78.1,30.8,55.0,13,2,0
32.8,85.6,26.4,66.8,4,2,0
33.3,68.0,26.7,69.3,8,2,0
30.5,83.8,39.4,65.0,14,1,0
32.6,74.5,27.3,63.6,10,5,0
30.2,66.7,25.1,76.8,10,1,0
36.1,69.2,25.8,75.6,4,3,1
41.5,43.1,24.0,60.8,13,2,0
33.6,68.5,22.6,55.6,7,1,0
30.3,46.5,24.0,66.3,4,5,1
36.7,45.5,41.3,55.5,11,3,0
32.7,67.3,33.7,70.9,7,5,1
37.7,51.6,25.2,66.2,1,4,1
33.8,64.9,35.9,88.7,0,3,0
32.9,66.7,15.3,76.7,1,2,0
34.1,67.2,39.0,51.2,2,3,1
36.4,54.2,38.4,56.8,3,4,2
33.9,75.8,45.9,42.9,5,1,0
33.3,63.9,36.1,40.6,3,2,0
34.0,70.3,31.5,63.1,13,2,0
31.3,50.6,38.3,50.1,14,1,0
35.5,62.9,23.0,78.4,14,1,0
30.0,78.2,24.8,73.6,2,2,1
33.4,76.6,27.5,59.3,8,2,0
36.4,55.4,39.0,58.7,1,3,1
35.3,58.5,21.2,76.9,10,5,0
36.0,53.1,20.3,79.1,2,5,0
34.3,57.1,29.9,52.7,4,2,0
37.4,48.2,33.7,51.4,3,3,1
36.8,63.3,22.4,59.0,7,1,0
35.6,72.6,33.4,66.3,5,5,1
36.8,55.6,38.9,56.9,8,2,0
36.4,63.9,37.6,66.5,2,1,0
33.4,62.4,30.8,81.5,7,4,0
31.1,77.7,27.3,47.9,1,2,0
35.6,57.7,41.9,57.5,0,3,1
35.9,58.1,28.1,48.1,2,3,1
37.2,54.8,35.5,53.6,3,4,1
32.2,51.3,43.7,59.1,11,5,0
32.2,71.4,34.7,54.7,4,3,1
35.6,63.4,20.0,67.2,7,4,1
34.3,65.7,18.1,63.5,10,5,2
29.8,80.3,25.6,65.0,11,4,0
35.4,81.0,33.7,58.9,8,1,0
29.9,45.2,31.6,59.9,2,2,0
32.1,72.8,45.7,58.5,9,3,0
37.9,67.7,31.5,59.5,4,5,1
39.1,59.5,25.4,66.2,8,4,0
31.5,68.9,18.9,42.8,14,5,0
33.7,44.3,37.4,64.9,1,4,1
34.6,82.6,28.0,53.3,1,5,1
39.0,71.2,16.0,58.6,3,3,0
33.3,54.6,28.2,46.4,6,2,0
33.3,58.0,20.0,58.4,7,3,1
38.4,44.6,24.6,64.8,4,1,0
33.6,61.2,28.0,66.6,13,4,1
36.3,59.2,20.8,50.1,0,4,2
30.8,49.1,24.1,66.1,8,1,0
34.1,74.3,22.0,73.4,8,3,0
30.4,80.3,22.3,57.1,11,4,0
31.9,64.7,19.9,62.0,8,4,0
36.6,61.3,24.1,41.3,2,4,2
34.4,70.2,20.8,53.0,4,1,0
33.7,64.8,32.7,64.7,2,2,0
32.6,52.0,29.6,71.6,7,3,1
33.9,57.2,37.6,56.0,13,1,0
35.3,61.4,43.1,88.7,5,1,0
37.0,68.0,33.4,65.1,5,5,1
27.9,65.1,31.6,49.3,6,3,0
32.4,67.5,33.9,74.9,2,3,1
34.9,46.7,31.7,49.5,12,1,0
34.3,73.0,28.4,65.3,9,4,0
35.5,65.0,27.8,52.7,10,5,0
35.2,95.6,19.8,48.4,5,5,0
33.7,60.3,34.7,71.6,4,1,0
33.2,68.9,27.7,59.4,7,2,0
33.9,99.0,39.6,79.3,3,3,0
37.4,67.3,35.3,51.8,0,5,1
32.7,64.2,23.0,46.4,10,1,0
34.3,53.2,38.0,57.2,12,2,0
35.0,83.3,7.5,90.9,3,1,0
38.4,51.1,43.4,70.3,9,4,0
33.7,70.1,17.3,67.5,13,3,2
36.9,59.3,32.0,67.9,11,4,0
37.6,62.7,31.4,57.2,12,1,0
34.3,47.9,37.0,89.3,13,1,0
34.0,81.1,25.4,66.6,3,3,1
33.7,61.7,10.8,65.6,1,3,0
33.9,50.4,25.4,71.8,12,1,0
36.6,80.0,26.2,49.3,11,2,0
35.1,59.0,11.6,53.2,2,4,0
35.1,69.0,28.4,59.5,13,1,0
31.7,75.1,19.4,71.9,0,5,1
32.1,70.7,33.2,49.0,5,1,0
39.9,38.6,26.0,61.3,14,4,0
34.1,73.3,43.7,59.9,5,4,1
32.6,63.8,26.0,46.3,11,1,0
38.1,61.1,31.4,56.9,0,4,0
35.2,63.7,26.3,67.4,7,3,1
35.9,45.7,15.0,47.2,11,2,0
34.2,67.3,26.4,76.1,12,1,0
33.7,48.6,34.0,66.7,6,1,0
34.1,61.6,32.8,65.5,1,3,1
31.0,66.9,25.7,62.1,7,2,0
34.3,77.9,16.3,51.1,11,5,0
35.2,55.2,33.2,55.5,6,3,1
39.1,82.4,31.4,65.6,14,1,0
34.7,76.4,34.7,55.5,4,5,1
28.7,59.8,25.8,63.9,12,2,0
34.3,51.7,14.5,53.0,11,4,0
41.3,47.7,32.3,66.5,6,5,0
36.7,68.3,27.9,67.3,1,4,2
32.5,56.2,39.1,45.7,5,3,1
36.0,79.4,28.2,62.7,11,1,0
32.6,56.8,27.6,46.8,13,2,0
31.1,54.2,31.3,43.4,6,3,1
33.6,67.8,23.2,56.1,4,5,2
34.7,56.8,22.8,90.0,11,1,0
29.8,65.1,27.2,69.8,14,1,0
31.6,76.8,20.6,75.9,2,2,0
34.5,66.4,26.2,68.1,4,4,2
33.5,66.5,43.5,64.1,11,5,0
35.5,67.5,36.3,71.0,1,1,0
31.5,44.7,30.5,55.6,14,3,0
36.3,69.7,40.4,66.7,3,5,2
31.5,66.9,21.4,73.8,7,5,1
38.6,75.7,47.9,69.0,7,4,0
30.2,72.3,24.3,74.4,5,4,1
31.8,62.6,44.0,63.8,1,2,0
35.5,77.4,44.0,78.9,0,2,0
38.7,61.5,14.0,59.9,5,5,0
35.3,68.0,39.7,83.2,4,4,0
35.9,61.3,25.7,67.7,13,1,0
34.5,70.5,23.5,58.2,9,1,0
31.9,60.5,32.2,50.2,1,5,1
33.3,84.8,19.9,53.9,11,1,0
31.5,89.2,32.0,52.4,9,4,0
31.3,75.5,20.5,61.1,1,2,0
35.5,83.5,29.4,49.3,6,1,1
31.7,46.5,38.7,74.9,11,1,0
35.3,47.9,31.1,63.1,9,3,0
31.2,61.1,25.1,62.7,8,5,0
35.2,65.5,32.3,50.3,7,1,0
33.3,62.6,16.7,54.3,10,4,0
38.0,45.3,21.3,39.8,13,3,0
35.3,78.8,24.6,78.2,2,4,0
37.6,90.9,34.3,47.8,6,3,0
32.6,80.4,31.2,48.6,12,1,0
34.6,78.0,32.3,76.1,7,3,1
32.0,67.7,27.8,65.9,2,5,2
33.5,54.9,21.7,63.2,1,5,2
33.8,65.9,39.9,65.4,10,2,0
32.7,90.3,22.4,71.5,7,5,0
31.5,60.8,31.4,63.0,11,1,2
31.0,59.5,27.1,46.6,1,3,1
28.7,78.3,32.5,69.3,9,4,0
31.9,79.1,23.2,66.2,8,4,0
36.1,54.8,36.4,73.7,6,1,0
30.5,61.9,39.0,49.5,6,1,0
31.1,59.0,35.9,54.7,4,4,1
39.0,65.8,29.3,65.9,11,5,0
32.9,78.2,24.5,52.6,4,4,1
35.3,55.4,50.6,38.5,6,5,1
36.1,78.1,20.1,64.0,12,5,0
36.2,66.2,35.0,71.0,9,5,0
30.7,92.9,30.7,60.7,0,4,0
33.9,68.8,27.5,67.5,0,4,2
30.5,63.8,29.5,66.0,8,4,0
40.6,71.9,23.9,62.1,10,2,0
30.5,61.0,31.4,63.4,7,3,1
31.9,43.5,30.5,75.5,14,2,0
31.9,62.1,49.4,52.4,12,3,0
30.8,61.9,36.6,69.7,6,3,1
37.9,45.9,32.1,50.2,3,1,0
40.6,64.1,32.6,54.1,0,1,0
33.3,40.2,42.7,74.0,0,5,1
31.2,60.8,20.2,49.9,9,3,0
28.9,67.9,26.5,59.6,5,1,0
33.9,66.2,12.7,85.6,2,2,0
33.7,60.1,32.5,72.3,1,5,1
32.9,64.0,34.8,54.6,7,4,1
35.1,55.6,20.0,56.3,8,5,0
35.5,65.1,39.5,60.3,0,4,2
35.3,65.7,22.2,75.1,6,4,1
33.7,54.2,25.3,52.0,6,2,0
31.7,68.2,29.0,51.4,0,5,2
36.2,68.1,40.8,69.1,13,4,0
34.5,63.0,21.1,45.2,3,2,0
36.7,94.1,30.3,52.9,2,2,0
36.5,63.3,34.2,61.1,2,4,2
30.9,61.6,32.5,61.7,7,2,0
30.9,59.9,32.8,48.4,10,4,0
32.6,53.3,34.1,65.5,3,3,1
31.9,73.2,23.6,67.5,11,2,0
36.4,56.8,41.5,55.4,3,1,0
35.4,58.2,27.1,78.6,2,4,0
37.2,58.5,26.0,65.4,9,2,0
35.5,53.2,38.8,52.0,11,3,0
35.0,44.0,23.0,78.2,11,2,0
37.5,59.4,30.6,56.8,8,1,0
35.7,75.5,22.2,63.8,13,1,0
34.7,67.4,48.2,57.1,12,5,0
38.2,83.7,46.5,68.2,4,2,0
34.8,74.0,27.1,57.2,9,3,0
33.7,71.3,32.2,57.8,1,3,1
32.4,87.6,28.0,60.4,1,2,0
36.3,63.8,25.2,57.0,6,5,1
37.6,65.8,29.0,72.7,10,5,0
34.4,64.9,27.7,49.4,8,1,0
37.8,83.5,15.8,61.6,2,1,0
29.6,65.0,30.1,62.9,11,2,0
34.4,57.2,27.7,60.8,9,1,0
34.4,72.1,30.5,71.7,11,1,0
32.7,55.2,27.4,47.0,9,5,0
40.5,71.4,25.1,67.7,12,1,0
34.3,70.0,35.0,49.6,5,1,0
33.5,62.7,32.3,56.9,0,2,0
34.6,71.8,39.2,48.5,8,3,0
29.5,47.1,32.0,58.7,14,3,0
32.6,67.0,26.4,56.2,1,4,2
37.0,59.4,32.9,78.4,14,4,0
32.9,99.3,12.2,64.4,11,1,0
32.4,66.9,44.8,66.4,0,4,2
37.8,57.8,30.2,50.9,8,1,0
37.9,48.5,45.5,69.4,4,5,1
35.8,80.7,21.0,78.4,9,2,0
33.4,60.8,19.1,70.7,11,5,0
33.9,55.5,30.9,48.9,5,5,1
32.5,69.0,30.9,57.4,7,1,0
32.0,72.8,30.7,63.1,0,2,0
31.9,72.6,29.5,56.2,0,1,0
33.0,65.2,23.0,87.3,11,5,0
31.9,66.9,16.1,57.2,5,3,1
30.6,67.8,30.3,61.6,13,5,0
35.0,69.0,17.7,56.0,8,3,0
35.1,70.1,17.0,64.3,5,5,1
38.8,78.1,25.0,75.8,13,3,0
32.8,65.7,31.4,63.1,0,1,0
35.2,55.2,43.9,59.8,12,3,0
35.3,63.3,35.8,51.3,1,4,2
33.9,74.0,39.5,74.1,14,5,0
36.4,43.6,33.2,60.6,8,5,0
36.4,43.6,30.9,60.1,7,3,1
35.3,76.0,48.0,38.6,9,5,0
33.9,83.2,17.4,60.7,11,5,0
33.6,49.8,24.7,58.0,4,5,1
31.1,66.2,25.3,43.7,1,5,1
32.5,60.2,35.1,71.9,14,2,0
32.9,61.9,20.2,56.6,7,3,1
31.7,68.7,34.1,81.0,4,1,0
35.6,49.5,32.6,76.1,13,1,0
37.5,51.7,34.5,54.8,0,5,1
32.2,61.4,34.4,75.7,12,2,0
35.2,63.3,40.3,78.1,0,3,0
31.9,51.5,27.6,56.4,9,2,0
33.7,74.5,32.2,51.7,0,5,2
32.8,60.0,22.1,40.4,2,5,2
36.0,59.9,20.3,65.8,4,4,2
32.8,68.4,42.1,52.3,2,5,2
37.0,63.5,21.5,66.1,0,3,1
33.9,75.0,33.1,56.3,10,1,0
32.9,53.8,32.2,54.2,11,4,0
31.4,48.2,37.4,56.4,4,1,0
35.1,61.3,14.7,49.0,10,3,0
36.7,65.7,35.1,56.4,4,5,2
35.2,50.1,27.5,54.6,3,1,0
40.1,48.3,23.2,61.9,12,3,0
38.1,67.2,26.0,63.0,7,4,0
33.7,55.9,36.3,51.3,0,4,2
33.7,47.6,33.8,73.0,10,3,0
35.7,76.6,27.0,60.4,5,2,0
32.4,57.4,18.9,77.0,1,2,0
37.4,78.8,19.5,64.4,3,1,0
35.4,65.3,34.0,62.7,4,4,2
35.1,68.5,17.8,57.1,0,2,0
36.2,62.5,27.1,68.1,10,4,0
38.8,33.1,49.4,62.3,3,1,0
34.9,51.4,31.7,70.6,2,2,0
34.2,63.5,33.9,78.0,2,2,0
38.3,69.4,19.5,54.7,10,4,0
36.9,43.5,18.2,68.1,7,1,0
33.7,64.4,34.4,67.9,12,3,0
34.5,51.5,25.7,66.6,6,3,1
35.0,67.8,37.4,57.7,10,2,0
35.4,64.8,29.1,57.9,7,4,1
31.1,73.9,56.5,56.2,8,5,0
30.6,77.8,24.2,56.0,13,1,0
32.3,70.5,31.1,53.6,9,5,0
32.1,75.3,21.6,61.0,7,5,0
32.9,60.8,37.1,54.4,12,5,0
36.1,98.9,32.3,66.4,9,1,0
34.1,50.4,21.1,62.6,13,2,0
35.0,58.7,26.3,63.7,9,4,2
31.4,75.8,39.8,59.3,10,2,0
33.3,74.0,38.8,62.7,7,2,2
36.0,70.8,17.5,59.5,12,3,0
36.0,73.1,25.1,69.8,4,5,2
32.7,40.0,43.4,57.6,8,1,0
34.9,84.1,27.5,65.8,13,1,0
40.0,62.6,30.3,48.9,3,5,0
34.5,80.0,37.0,69.1,6,3,1
32.8,40.6,18.1,56.4,0,1,0
34.1,68.1,21.3,52.9,8,5,0
34.7,58.2,26.2,50.6,5,2,0
34.1,71.9,38.4,49.8,8,1,0
34.4,68.8,37.0,57.2,3,4,2
30.9,69.4,34.6,77.0,12,4,0
32.1,52.3,27.7,55.6,14,1,0
34.1,64.3,37.8,39.9,8,4,0
34.1,62.8,27.6,65.7,9,2,0
33.1,70.9,33.4,50.9,6,2,0
34.1,76.9,36.1,70.1,4,4,1
34.7,66.8,42.4,57.8,6,1,0
36.7,49.7,28.3,59.3,7,1,0
34.3,66.3,25.9,74.0,11,5,0
35.5,96.3,39.2,68.2,10,5,0
33.1,84.8,39.8,49.5,4,5,1
35.9,29.3,24.5,51.0,9,4,0
35.4,65.8,20.0,44.2,14,1,0
36.7,76.2,38.6,88.0,6,2,0
36.3,62.8,15.7,53.4,12,5,0
36.0,59.5,15.3,73.7,7,4,1
34.3,61.8,26.7,56.7,2,5,2
35.1,71.6,28.8,51.2,2,3,1
37.2,51.2,19.5,62.2,4,3,1
32.9,79.3,29.8,58.7,8,4,0
32.9,64.3,30.1,70.0,13,4,0
35.0,53.8,24.2,70.1,5,4,1
35.5,78.5,44.3,56.1,4,1,0
32.4,46.5,31.4,47.6,9,2,0
34.3,58.3,37.0,50.0,4,3,1
34.3,58.1,16.4,39.2,6,4,1
29.0,90.7,16.3,59.3,3,5,0
34.0,56.8,31.7,61.9,4,2,0
34.1,39.1,42.8,50.6,0,4,1
34.1,58.0,19.9,49.4,8,4,0
38.0,70.5,29.1,61.8,7,2,0
31.5,74.4,18.1,55.7,2,1,0
32.4,92.3,22.3,59.9,11,4,0
28.0,81.9,29.5,58.3,3,2,0
33.3,67.3,24.1,64.5,9,2,0
33.5,54.3,17.6,56.3,1,2,0
33.2,84.5,17.4,57.1,0,2,0
37.3,60.6,12.9,43.2,1,1,0
36.7,57.1,31.8,61.5,7,1,0
34.7,60.0,32.8,62.9,2,5,2
33.6,50.0,32.7,60.2,4,1,0
37.1,59.4,20.7,81.1,8,3,0
34.5,62.2,36.0,63.6,9,3,0
32.5,73.8,33.7,60.4,11,4,0
30.2,60.3,28.1,67.0,6,2,0
33.4,49.8,26.7,83.1,1,5,0
36.4,45.8,22.8,64.5,14,4,0
40.2,67.5,29.5,39.8,11,3,0
34.7,65.9,40.9,66.3,12,5,0
32.6,58.3,37.1,53.2,13,2,0
31.5,59.4,26.0,42.8,10,3,0
35.9,69.7,32.3,79.0,14,3,0
30.1,81.7,19.2,76.8,7,1,0
35.9,55.6,33.8,52.9,8,1,0
36.5,66.1,21.4,53.0,8,5,0
35.6,76.5,33.5,63.6,7,1,0
34.0,55.7,51.8,53.1,6,1,0
35.9,64.8,23.4,60.6,4,1,0
34.9,64.5,51.4,54.9,11,3,0
32.6,49.3,31.9,58.0,4,2,0
39.1,67.0,22.0,48.0,13,2,0
33.6,65.4,21.6,70.3,11,5,0
36.4,71.7,46.9,74.0,14,5,0
28.5,50.8,31.9,61.0,9,5,0
37.7,65.1,23.5,61.6,8,2,0
38.2,81.6,26.4,68.3,5,1,0
34.6,89.9,31.4,62.0,10,5,0
35.9,80.4,27.9,79.3,8,3,0
35.9,50.9,30.8,48.8,5,5,1
32.9,70.4,42.2,70.6,1,1,0
35.9,59.2,19.0,60.9,0,5,1
32.5,68.4,33.2,50.8,3,2,0
33.0,55.7,27.4,84.5,10,4,0
37.3,44.4,24.0,85.9,13,1,0
36.9,60.9,36.6,59.9,14,4,0
32.7,73.7,16.3,66.4,7,3,1
32.7,68.5,9.1,57.3,12,5,0
32.9,69.8,29.8,58.9,0,1,0
36.3,67.6,26.9,50.7,13,2,0
32.0,69.9,17.2,49.2,14,4,0
35.4,71.4,14.3,80.4,6,5,0
36.4,61.7,43.4,61.6,0,5,2
34.3,66.0,31.7,62.5,10,1,0
37.0,85.9,28.2,53.9,0,1,0
33.7,66.7,45.6,63.9,9,2,0
34.0,65.5,36.2,47.0,4,1,0
32.1,66.2,42.2,54.3,8,3,0
37.0,62.4,18.6,50.0,13,3,0
32.6,59.8,18.3,74.9,2,5,1
35.4,67.5,32.9,45.5,0,1,0
34.3,58.9,31.3,50.2,8,2,0
31.9,63.3,38.0,41.5,10,2,0
33.0,55.5,15.0,53.1,4,3,1
38.0,66.3,33.6,57.4,2,2,0
35.0,72.0,35.9,71.8,10,4,0
32.0,62.5,35.5,59.8,10,5,0
35.3,40.9,24.7,57.9,14,4,0
34.1,72.1,32.1,65.0,12,4,0
43.1,66.4,21.8,57.6,10,1,0
35.2,53.1,25.7,86.1,0,5,0
33.5,74.3,19.7,56.1,3,3,1
38.1,48.2,21.9,66.1,9,1,0
29.9,77.5,26.1,70.3,6,4,0
34.7,64.3,24.1,55.8,0,3,1
39.5,37.8,21.9,63.7,8,5,0
34.2,67.1,17.6,57.0,11,4,0
30.2,60.1,43.7,64.7,10,5,0
33.5,58.3,24.0,63.0,13,5,0
38.1,56.1,30.6,60.6,2,2,0
35.4,63.5,13.9,50.4,14,2,0
32.4,59.2,38.9,80.6,7,2,0
32.8,42.7,29.3,67.9,4,2,2
33.1,80.3,24.4,46.1,12,4,0
35.4,62.1,24.5,57.8,1,5,2
37.8,56.2,35.0,46.3,0,3,1
37.1,51.5,4.4,69.6,10,5,0
35.6,74.2,21.4,61.8,10,4,0
31.2,49.4,27.0,62.0,1,2,0
31.2,66.6,27.0,53.6,13,5,0
35.8,58.0,48.0,58.8,12,3,0
31.1,58.7,25.3,69.9,11,1,0
33.9,51.8,35.9,72.6,5,4,1
35.3,57.6,42.5,70.5,13,5,0
31.7,65.1,33.4,46.5,1,2,0
31.9,67.8,22.6,60.1,11,2,0
34.3,55.6,17.7,64.5,12,4,0
35.8,63.9,34.0,54.7,7,5,1
37.2,75.7,41.2,45.4,5,2,0
36.0,45.0,32.4,49.1,7,3,1
34.7,64.9,37.9,77.0,0,4,1
32.6,53.6,48.7,50.1,0,5,2
31.8,52.4,34.7,62.5,5,1,0
33.2,68.1,19.2,60.4,0,1,0
35.5,58.5,28.4,60.5,9,5,0
35.3,50.4,39.0,58.8,9,3,0
29.3,80.9,26.0,69.9,12,4,0
32.5,76.0,40.0,62.4,4,1,0
37.5,41.8,27.5,55.7,12,1,0
34.7,47.3,30.7,62.5,4,4,1
31.0,72.1,25.2,49.2,8,2,0
40.4,61.6,29.3,66.8,12,5,0
34.4,83.0,29.7,55.2,5,3,1
35.5,72.4,15.1,55.8,1,5,1
35.5,68.6,24.5,67.1,12,3,0
33.6,52.7,18.1,57.9,4,4,2
32.7,70.9,24.7,58.5,3,4,2
39.8,49.7,21.6,73.7,10,1,0
37.0,80.7,36.1,52.3,8,4,0
36.6,70.1,36.2,67.0,0,5,2
35.9,55.1,32.5,71.5,13,2,0
32.0,74.7,17.9,73.7,7,2,0
37.7,91.9,27.2,83.8,4,3,0
32.4,62.4,17.2,55.6,1,4,1
35.2,71.6,26.8,53.3,10,2,0
30.4,59.8,33.2,70.2,11,2,0
29.4,66.0,35.9,71.4,11,5,0
35.3,46.9,31.8,54.1,9,5,0
32.5,65.0,38.1,66.8,13,3,0
29.5,65.5,30.1,89.2,9,2,0
35.9,86.6,26.1,63.0,3,2,0
39.8,43.5,35.0,71.2,3,2,0
38.0,61.6,35.3,77.8,5,3,1
33.9,80.5,23.8,87.0,10,1,0
34.5,62.1,31.0,64.5,0,4,2
36.7,62.9,25.6,74.5,4,3,1
37.3,55.0,11.9,54.1,6,1,0
33.6,53.8,31.5,62.2,8,2,0
34.6,43.1,17.6,57.5,2,2,0
35.3,57.4,30.6,43.1,1,5,2
35.9,53.1,15.7,46.0,13,5,1
34.2,66.4,22.2,66.3,1,4,2
34.2,55.5,24.5,66.5,1,4,2
37.9,59.2,37.6,51.6,2,5,1
37.5,59.6,23.7,77.6,5,4,1
35.7,64.4,19.4,50.9,3,2,0
38.8,58.7,30.9,64.6,12,2,0
33.5,52.3,26.3,57.8,1,4,2
38.6,66.0,34.3,63.1,2,3,0
35.9,77.8,19.9,71.0,1,3,1
42.7,66.5,29.7,69.6,9,5,0
31.5,57.7,47.8,69.1,13,5,0
32.8,63.5,26.1,67.8,2,4,2
35.5,40.4,29.5,49.3,8,2,0
35.5,63.3,14.7,73.3,5,3,1
39.4,60.2,21.2,51.4,9,2,0
32.8,53.8,31.7,60.9,9,3,0
36.8,56.0,25.4,58.5,4,2,0
37.4,60.1,32.9,65.5,9,3,0
36.3,76.9,31.4,57.2,0,3,1
32.1,78.1,17.5,60.4,7,4,1
38.0,53.9,36.1,78.2,14,5,0
37.6,58.8,18.1,49.0,13,3,0
36.0,59.1,21.9,62.0,0,2,0
35.0,74.7,29.8,50.9,0,1,0
35.1,66.7,40.5,68.7,12,4,0
34.3,66.1,20.0,54.7,3,5,2
36.1,71.4,29.2,62.4,9,2,0
34.6,57.8,29.2,48.8,8,1,0
32.4,81.4,33.3,74.9,6,1,0
31.9,65.0,37.5,62.7,4,2,0
32.6,54.7,24.8,63.4,11,5,0
35.1,62.2,36.1,70.3,3,4,1
34.4,79.8,38.6,49.5,11,4,0
35.0,59.9,42.3,55.8,3,2,0
35.8,76.4,32.0,63.7,13,5,1
32.9,57.5,29.3,44.4,10,3,0
38.2,55.8,24.2,45.5,8,3,0
33.8,72.9,16.3,53.8,1,5,1
33.4,54.5,25.8,50.6,3,4,2
35.7,74.9,28.9,58.6,9,2,0
29.9,69.2,27.1,67.2,8,4,0
32.5,54.5,32.8,69.5,1,2,0
37.0,64.1,16.4,80.1,1,4,0
30.2,58.4,26.5,61.8,9,1,0
37.3,69.2,44.0,63.5,5,1,0
38.3,87.7,36.0,61.8,7,5,0
33.6,60.6,32.9,65.2,9,1,0
35.2,71.4,31.1,66.0,12,3,0
37.3,65.3,25.1,71.2,3,1,0
33.3,65.3,14.0,71.2,10,1,0
36.7,63.0,31.7,67.2,12,4,0
32.8,54.7,8.4,77.1,13,2,0
33.3,69.0,25.4,62.3,14,4,0
32.5,61.5,28.0,55.9,0,3,1
35.4,54.1,24.4,57.5,1,4,2
37.4,77.2,45.4,60.9,13,4,0
34.0,66.2,42.6,51.2,3,1,0
31.3,62.3,36.3,55.9,4,3,1
31.8,81.1,20.6,50.6,7,4,1
35.5,43.0,43.4,65.4,9,2,0
39.1,80.3,33.0,65.5,0,1,0
35.5,54.4,20.5,44.3,9,3,0
33.5,67.5,28.3,55.5,1,5,2
36.4,57.9,35.7,80.3,5,2,2
33.9,53.9,23.2,68.3,13,2,0
33.6,80.8,29.1,66.5,1,1,0
32.1,87.3,30.5,55.4,0,4,0
38.0,62.3,19.2,64.9,7,2,0
28.2,69.0,25.8,61.9,3,1,0
36.5,65.7,19.8,54.0,3,1,0
33.3,85.8,34.9,57.1,6,2,0
33.5,39.6,20.7,57.3,2,2,0
38.7,69.5,30.3,47.1,0,3,0
32.7,56.3,16.9,48.8,13,3,0
32.8,36.7,18.9,60.0,12,3,0
34.2,60.7,18.5,53.5,6,2,0
35.5,87.2,25.7,59.0,12,1,0
33.4,57.1,29.4,45.9,14,4,0
30.6,74.5,30.9,70.0,5,3,1
32.3,79.4,13.8,82.8,2,1,0
37.7,64.8,26.7,72.3,3,1,0
34.7,66.4,22.0,73.3,14,5,0
35.6,44.4,32.3,68.3,13,5,0
33.8,56.4,25.9,64.7,10,1,0
32.9,75.9,27.4,62.9,10,3,0
38.7,65.7,22.0,52.9,4,3,0
34.0,69.4,41.8,68.9,7,3,1
33.4,66.6,17.7,68.3,5,5,1
37.2,91.3,24.8,57.4,5,3,0
32.7,59.8,28.9,67.3,10,2,0
33.0,84.3,26.0,55.1,8,4,0
34.5,66.6,21.9,55.7,6,5,1
34.5,85.3,13.5,69.8,3,1,0
35.1,50.3,22.5,66.3,9,5,0
39.7,67.2,20.3,59.7,6,4,0
35.3,60.3,41.4,58.5,0,5,2
28.6,66.7,46.1,63.7,10,5,0
35.3,79.7,27.6,43.6,5,1,0
34.6,69.5,16.8,54.4,6,3,1
34.6,79.6,33.9,49.3,14,1,2
35.1,57.0,20.2,62.1,10,1,0
34.4,55.1,23.6,72.9,1,5,1
34.4,65.2,23.0,66.8,11,2,0
36.0,64.5,24.0,56.9,4,1,0
33.1,62.8,25.2,54.9,11,5,0
32.1,53.5,17.5,54.5,5,3,1
42.1,79.4,22.4,82.0,8,1,0
32.7,60.6,36.2,62.7,10,2,0
34.8,82.1,27.7,64.0,2,1,0
30.8,65.2,29.0,40.9,2,4,1
34.8,72.8,10.1,50.2,10,5,0
32.2,71.7,35.6,61.6,1,2,0
33.4,55.1,22.5,57.0,12,5,0
37.1,69.4,37.0,63.3,6,2,0
35.7,88.1,29.2,63.2,1,3,0
35.9,68.0,23.5,68.0,11,2,0
30.1,75.8,14.6,43.3,13,1,0
39.1,73.3,45.4,50.9,1,1,0
31.5,68.7,34.4,61.0,14,3,0
38.3,67.2,34.9,55.5,6,1,0
37.1,71.6,42.6,58.9,10,5,0
35.9,74.2,29.8,63.1,3,5,2
32.4,48.8,38.8,54.6,1,2,0
34.9,68.0,24.2,63.9,14,2,2
33.3,62.8,33.9,67.4,9,1,0
34.6,60.3,23.0,62.7,3,3,1
33.9,80.6,24.0,69.2,5,5,1
29.4,56.2,28.8,40.3,11,2,0
37.3,48.3,17.9,56.1,4,4,1
34.3,74.5,30.6,70.9,10,2,0
33.3,48.0,25.5,53.4,0,3,0
33.1,41.9,12.1,52.0,14,3,0
35.4,75.9,24.3,60.7,10,5,0
32.3,66.9,25.2,61.8,5,3,1
28.9,70.7,34.8,56.7,8,4,0
35.5,59.7,30.3,80.4,2,5,0
35.8,48.4,39.6,64.9,6,5,1
34.0,50.8,32.2,53.0,5,5,1
31.6,61.7,23.6,47.6,5,1,0
34.7,49.7,27.5,66.1,12,1,0
30.8,68.7,25.2,52.7,6,3,1
31.9,59.5,31.9,83.5,0,2,0
32.6,67.2,28.5,66.3,6,4,1
36.6,66.9,23.0,67.6,0,3,1
33.6,69.6,28.1,64.5,7,3,1
33.4,71.0,31.7,73.2,10,1,0
39.4,60.9,19.9,38.0,1,2,0
35.4,67.2,30.5,50.0,0,3,1
35.3,67.8,15.4,72.3,5,4,1
33.6,35.9,36.8,77.0,7,1,0
33.0,72.8,32.2,49.6,0,4,2
29.0,66.8,41.0,43.8,4,3,0
36.9,71.8,19.1,63.7,11,2,0
35.6,49.6,37.1,66.9,8,5,0
34.1,61.2,35.5,63.5,7,3,2
34.2,51.9,26.5,61.4,1,2,0
36.3,73.9,25.0,43.5,11,4,0
30.6,48.1,19.3,58.2,8,1,0
33.0,53.9,17.2,59.7,6,4,1
31.7,71.4,22.0,56.5,9,4,0
38.9,57.4,18.0,42.8,2,3,0
36.7,53.9,40.8,67.8,10,2,0
29.0,75.9,16.0,70.7,4,2,0
30.7,76.4,29.2,54.1,0,2,0
34.2,73.7,31.5,60.1,3,1,0
33.3,75.2,30.9,57.0,5,5,1
31.2,62.2,31.6,57.1,6,5,1
39.4,62.5,35.6,66.9,3,3,0
35.3,57.2,24.4,67.2,11,5,0
35.7,67.0,28.7,72.7,3,4,1
32.8,58.7,25.7,72.5,1,4,1
36.3,59.8,38.4,60.3,3,4,2
33.5,72.2,44.8,90.4,6,3,0
33.8,79.2,18.4,77.5,0,3,1
36.0,69.8,11.8,55.4,1,1,0
30.4,86.5,32.6,63.3,2,4,0
38.5,56.5,36.6,42.1,5,3,0
35.0,42.9,43.7,62.3,14,2,0
37.7,73.6,33.9,78.7,8,3,0
31.8,55.7,39.2,89.8,1,5,0
32.2,61.7,41.3,60.8,1,3,1
31.6,43.8,39.7,65.3,1,3,2
35.1,54.2,35.0,68.1,0,2,0
34.7,47.0,17.7,81.8,7,5,0
33.3,59.8,27.9,52.2,10,1,0
32.0,60.3,30.4,88.6,6,5,0
31.3,66.1,27.2,58.8,6,5,1
34.4,79.9,27.7,50.3,8,1,0
33.3,73.1,40.5,58.8,5,3,1
32.8,45.5,21.9,53.9,12,3,0
38.4,72.3,34.4,66.2,10,5,0
34.3,66.3,30.5,45.5,14,2,0
37.7,63.8,21.1,63.4,1,4,1
33.2,64.7,19.4,68.6,6,1,0
35.1,67.5,14.4,76.8,12,5,0
34.4,56.7,31.9,68.8,10,4,0
30.3,62.8,27.5,76.2,11,2,0
38.1,79.2,21.4,55.9,7,1,0
34.2,56.6,13.0,65.9,5,1,0
36.4,52.6,31.5,39.7,11,5,0
32.6,64.3,26.6,60.9,7,4,1
34.1,51.4,22.3,65.9,6,2,0
32.3,44.3,20.3,66.8,5,3,1
37.6,60.9,26.1,46.3,1,3,1
35.3,82.4,31.8,58.1,11,1,0
35.4,64.5,25.4,59.5,12,3,0
37.9,67.1,18.5,57.7,0,4,1
37.4,39.4,27.5,69.3,6,4,1
36.4,70.3,36.4,59.8,10,1,0
30.9,66.1,28.3,63.0,2,5,1
32.8,57.0,28.5,57.1,4,1,0
32.0,67.2,25.4,72.6,14,5,0
36.3,67.0,20.9,73.4,11,5,0
34.9,52.3,20.6,58.9,13,4,0
31.0,69.0,14.7,90.5,14,3,0
34.0,79.4,37.4,54.3,10,1,0
30.8,62.3,31.7,72.1,4,2,0
34.4,54.6,28.7,52.5,14,3,0
30.4,62.9,30.4,69.7,6,1,0
35.8,75.3,30.7,69.0,8,4,0
35.4,50.3,22.1,51.9,8,5,0
39.3,71.9,25.4,60.7,8,4,0
36.6,56.9,24.2,80.7,8,5,0
33.4,67.9,48.1,53.9,11,3,0
36.5,58.2,36.2,66.0,2,2,0
31.0,58.2,29.3,65.4,6,1,0
32.1,83.3,38.9,61.6,8,3,0
35.3,48.1,37.9,44.7,8,1,0
29.1,70.8,17.0,70.3,10,4,0
34.4,85.8,26.2,62.1,5,5,0
31.9,73.2,27.9,73.0,14,1,0
34.8,49.0,32.9,64.3,0,3,1
31.8,49.6,26.2,62.6,10,3,0
35.6,56.0,27.2,65.7,2,2,0
34.5,66.9,24.3,52.1,9,2,0
38.0,67.7,36.4,77.6,0,4,0
34.5,49.7,16.5,58.2,3,2,0
32.6,54.5,24.6,58.4,5,1,0
33.9,55.3,13.3,74.9,1,4,1
31.1,62.8,19.8,64.5,4,1,0
35.5,88.8,30.5,59.6,9,2,0
36.0,53.8,30.7,66.1,2,1,0
40.7,53.3,25.5,68.3,9,3,0
32.9,51.4,37.0,60.8,7,2,0
33.8,72.6,38.8,71.2,12,2,0
33.1,64.5,27.4,49.3,9,2,0
35.0,54.2,30.0,64.6,6,3,1
35.5,60.6,24.4,70.0,12,4,0
34.4,55.5,33.0,68.2,2,5,2
37.2,68.6,18.4,39.6,8,4,0
33.0,97.2,42.4,60.7,3,3,0
37.0,71.6,37.1,49.9,6,3,1
35.8,63.9,18.4,74.9,7,3,1
34.5,57.0,21.7,58.1,8,1,0
33.7,48.9,31.4,73.7,4,3,1
40.6,73.8,25.3,49.8,9,4,0
32.5,73.2,32.4,65.9,2,5,2
35.2,59.4,25.1,62.1,2,1,2
32.6,79.6,40.2,89.6,1,4,0
39.0,65.3,28.1,73.8,7,1,0
36.7,74.3,47.4,73.1,6,1,0
32.8,68.6,32.8,82.3,12,1,0
35.8,62.9,17.2,64.8,5,1,0
35.1,53.5,44.7,61.0,8,1,0
33.2,63.3,36.8,59.9,14,3,0
36.4,75.1,31.0,65.3,9,5,0
35.5,58.9,33.2,34.3,12,4,0
35.0,70.3,18.5,62.0,7,4,1
34.4,52.0,13.6,64.3,2,1,0
35.6,74.4,27.7,60.4,6,5,1
35.1,68.8,39.0,46.7,11,3,0
34.6,50.6,31.2,60.5,1,1,1
32.9,62.3,41.7,46.7,7,4,1
38.7,76.2,38.6,79.7,7,4,0
31.9,49.9,28.2,59.4,13,3,0
35.6,52.1,37.5,41.4,14,4,0
33.7,64.2,40.2,59.9,9,4,0
38.9,90.6,27.4,71.0,3,3,0
32.2,56.9,26.3,63.8,3,2,0
32.7,70.9,29.1,52.9,8,5,0
32.1,68.1,8.7,55.2,2,4,0
35.3,57.9,30.2,59.1,10,3,0
31.1,66.9,33.8,57.6,14,4,0
33.3,59.6,29.2,49.4,2,2,2
29.1,60.7,30.8,61.3,13,5,0
35.1,45.1,27.7,48.7,0,4,1
33.2,64.7,12.0,71.5,7,4,1
30.8,75.8,41.3,72.7,5,2,0
37.2,65.7,25.1,52.0,8,2,0
31.2,78.1,23.1,54.8,7,5,1
36.5,72.0,38.9,57.8,8,4,0
32.7,64.3,35.8,61.7,1,1,0
38.5,57.5,30.2,64.6,11,5,0
36.4,59.2,34.2,66.6,14,1,0
32.0,47.4,18.8,66.4,7,3,1
32.2,61.8,27.4,77.5,12,3,0
36.0,66.8,38.4,62.6,1,2,0
33.8,85.6,22.6,49.0,10,3,0
34.1,71.3,20.0,45.9,4,1,0
37.7,54.6,28.6,78.4,10,4,0
32.6,47.7,28.8,67.1,8,4,0
34.7,62.5,33.2,64.1,0,5,2
36.9,74.7,17.0,66.5,5,3,1
36.5,62.4,7.6,63.6,6,3,0
34.1,71.5,35.4,66.3,12,1,0
33.8,62.8,19.3,58.3,1,2,0
30.2,73.6,23.1,72.6,14,3,0
31.9,45.8,10.5,56.8,0,3,0
35.3,84.3,36.2,53.0,3,5,1
34.2,51.7,30.8,45.1,2,2,0
34.7,74.5,30.5,59.6,13,1,0
37.1,61.7,30.4,74.7,8,5,0
31.5,63.6,11.5,57.4,10,3,2
33.9,62.1,20.1,48.2,10,1,0
35.0,68.1,24.4,64.8,8,5,0
32.7,70.5,22.0,55.5,4,2,0
38.1,77.7,25.8,77.5,1,5,0
36.8,81.9,30.0,72.7,6,2,0
35.2,69.0,36.1,49.3,6,2,0
39.0,85.6,16.2,60.3,6,2,0
30.8,66.1,27.9,54.4,14,1,0
34.5,77.9,33.7,50.4,1,5,1
35.4,70.1,20.6,61.4,9,3,1
32.2,58.4,26.5,70.2,2,3,1
35.3,67.2,31.7,61.2,8,2,0
31.7,71.0,28.1,56.8,10,3,0
36.2,64.6,33.4,39.9,0,3,1
37.1,70.0,28.8,55.3,6,2,0
35.2,75.4,25.5,67.5,4,3,1
29.9,64.7,18.6,48.6,7,3,0
32.1,29.7,30.0,74.8,7,4,1
35.9,85.1,28.8,56.2,7,4,0
34.6,61.4,20.1,63.9,9,4,0
27.8,55.1,32.7,58.0,3,1,0
37.6,51.5,38.1,50.2,12,5,0
34.8,61.0,22.7,66.4,12,4,0
32.5,58.2,22.2,56.0,6,4,1
37.0,56.2,21.9,53.7,13,4,0
32.8,56.8,14.6,38.2,4,3,1
32.8,71.4,44.0,75.0,3,3,1
35.4,89.4,24.4,62.1,4,1,0
39.0,74.8,21.1,73.1,11,5,0
38.6,78.5,19.0,68.2,2,5,0
35.4,60.5,24.9,73.1,4,5,1
35.7,66.3,22.4,56.4,2,4,2
36.5,70.1,39.5,48.3,6,2,0
31.4,57.1,18.0,69.6,4,2,0
36.1,59.9,15.7,63.3,12,5,0
32.7,75.3,32.4,57.3,11,2,0
35.3,78.1,27.1,69.4,13,4,0
33.9,65.8,26.2,65.1,6,4,1
35.8,50.7,32.5,68.4,7,1,0
34.8,61.5,29.1,51.8,12,1,0
26.8,47.7,27.6,71.8,10,1,0
34.9,65.9,16.8,62.0,14,4,0
36.1,68.1,14.7,72.8,14,2,0
35.6,61.8,22.4,71.7,1,2,0
34.2,67.9,19.3,68.9,3,5,2
38.6,70.0,30.2,60.9,10,3,0
35.3,68.1,13.6,69.1,1,1,0
35.6,50.6,24.4,73.1,1,2,0
37.1,62.0,26.6,68.1,2,3,1
35.4,69.9,27.7,64.0,1,3,1
32.3,83.9,31.2,69.1,9,4,0
28.4,61.7,25.4,56.7,4,5,0
33.3,71.6,22.7,77.1,14,1,0
36.4,75.5,38.0,45.2,1,2,0
33.6,62.6,25.4,62.3,6,4,1
36.5,78.8,39.4,57.9,9,1,0
34.9,79.4,25.4,55.6,5,3,1
37.7,81.6,27.9,65.1,10,1,0
33.8,70.5,26.9,50.7,12,3,0
35.7,93.3,29.8,83.5,9,1,0
35.8,57.6,24.6,48.5,9,4,0
38.3,90.5,28.8,52.5,8,3,0
30.2,74.2,40.2,51.5,14,5,0
33.4,81.1,36.4,64.0,11,1,0
36.6,61.2,36.4,72.1,0,5,1
38.4,75.1,17.3,67.3,11,3,0
35.1,82.1,18.6,76.7,2,3,1
33.8,52.0,29.7,53.7,13,4,0
36.4,63.0,34.2,68.6,4,4,2
36.7,39.3,23.8,59.0,10,5,0
33.6,62.9,22.4,64.3,11,5,0
35.3,55.2,39.2,73.1,5,2,0
37.5,62.4,33.5,45.1,14,2,0
39.2,100.1,36.5,81.9,7,5,0
36.4,85.6,24.5,60.5,6,5,0
34.6,47.7,23.8,45.9,7,5,1
34.4,71.7,35.6,55.1,4,5,2
35.9,74.6,25.9,63.0,1,4,2
34.2,60.9,23.1,55.1,14,5,0
35.0,67.1,20.7,41.5,12,4,0
31.9,68.3,23.9,63.0,12,5,0
37.7,48.8,35.0,54.8,13,3,0
31.6,52.6,15.9,68.5,9,5,0
33.4,67.1,33.0,51.3,14,1,0
34.7,66.2,22.3,84.6,14,5,0
39.5,56.5,26.3,67.1,3,5,0
33.4,55.5,26.8,64.0,6,4,1
32.8,63.9,26.2,68.2,1,5,2
33.1,75.6,25.7,43.8,10,3,0
38.6,64.1,24.4,57.0,1,2,0
27.5,84.5,23.4,79.8,11,1,1
32.0,56.7,38.6,58.8,12,1,0
41.3,67.3,28.2,61.4,6,5,0
36.0,60.7,27.0,57.3,9,1,0
31.7,72.1,22.8,76.6,14,2,0
34.4,55.6,24.7,59.6,11,3,0
34.7,88.1,22.9,49.5,6,2,0
36.6,44.7,34.1,87.8,13,5,0
39.1,85.6,22.0,48.2,0,1,0
35.5,66.1,10.0,61.0,3,1,0
33.2,71.6,28.5,53.6,4,2,0
36.5,81.0,25.8,55.0,5,4,1
32.8,75.3,23.3,51.4,10,2,0
31.9,56.2,35.3,56.6,11,5,0
30.1,72.2,6.1,71.8,0,1,0
30.6,87.4,40.6,43.0,3,2,0
32.3,54.4,36.4,74.6,12,4,0
31.6,90.4,23.0,72.9,7,4,0
35.3,69.6,24.4,67.1,4,3,1
31.5,59.8,32.0,63.3,6,3,1
26.6,54.3,32.2,64.8,9,1,0
31.9,62.3,22.9,76.2,8,1,0
33.3,41.5,15.1,44.5,12,1,0
33.0,60.0,44.9,69.3,14,3,0
38.3,61.8,35.6,54.5,12,5,0
33.0,52.1,29.3,70.3,1,1,0
36.7,74.0,29.4,55.9,6,1,0
34.5,62.4,33.0,69.1,7,4,1
34.4,57.4,33.9,46.5,9,3,0
32.4,61.1,11.3,45.1,14,2,1
34.4,69.3,25.2,60.9,6,1,0
32.6,65.9,24.4,76.4,5,5,1
34.9,56.6,26.7,67.4,13,4,0
33.9,66.5,34.2,67.3,11,3,0
32.1,64.4,13.7,70.6,6,2,0
37.0,51.3,17.2,58.0,13,5,0
35.6,61.5,22.5,68.1,4,1,0
33.4,72.0,29.2,56.2,3,4,2
34.9,71.9,34.7,58.9,0,4,2
34.3,62.2,41.1,60.1,1,4,2
32.3,73.1,25.7,56.5,12,4,0
34.7,53.2,34.6,61.3,1,2,0
32.9,53.6,33.7,59.5,11,3,0
32.1,62.0,32.3,54.9,1,3,1
30.4,83.0,27.8,60.6,3,5,1
33.6,67.0,24.8,63.6,5,4,1
35.9,61.7,19.5,51.0,3,3,1
32.8,83.5,18.9,66.2,1,4,1
40.8,61.6,30.8,57.1,14,5,2
36.7,91.8,27.6,64.0,6,4,0
37.8,58.9,24.7,55.3,6,2,0
36.5,52.9,33.3,72.5,11,1,0
39.1,63.0,26.4,71.6,13,5,0
32.5,62.0,20.7,51.5,4,1,0
28.1,55.3,25.9,67.2,6,3,0
33.4,96.2,34.6,76.5,7,1,0
35.9,68.8,19.8,52.5,3,5,2
34.9,70.6,29.7,53.3,1,1,0
35.2,59.5,27.6,69.4,13,4,0
37.8,58.1,21.9,48.9,10,4,0
35.5,77.3,25.7,54.2,10,4,0
36.5,44.9,15.4,51.9,4,3,1
32.2,51.3,28.9,69.5,9,3,0
31.8,62.0,17.1,55.1,2,3,1
38.5,81.2,36.6,59.2,1,4,0
34.8,60.5,27.3,54.5,14,1,0
32.9,70.0,23.4,73.5,3,5,1
32.9,65.3,37.3,53.4,11,4,0
32.9,80.6,19.7,47.9,4,5,1
32.7,46.0,22.0,47.5,9,1,0
31.3,73.8,13.4,68.9,9,2,0
30.7,62.6,38.5,69.7,10,2,1
34.0,76.1,43.0,74.5,14,3,0
33.0,55.2,14.6,49.4,6,5,1
37.3,65.3,21.5,59.7,12,4,0
35.2,63.8,28.6,86.3,4,4,0
35.2,53.0,23.9,59.0,14,2,0
32.6,49.6,27.7,56.4,7,1,0
34.2,58.0,27.1,61.8,12,4,0
35.4,66.6,31.3,67.3,12,1,0
36.3,55.9,20.3,67.1,9,2,0
34.3,61.0,29.5,55.9,14,3,0
37.2,42.4,19.1,56.1,10,4,0
34.5,60.6,24.7,59.0,9,4,0
36.5,77.3,14.1,54.7,3,1,0
33.3,73.5,24.8,49.7,5,2,2
30.0,64.0,23.4,80.1,0,5,0
35.2,67.9,35.5,57.9,10,3,0
36.3,55.1,27.5,58.5,9,4,0
35.9,84.5,29.0,58.8,10,2,2
35.6,89.8,27.8,61.2,9,5,0
33.6,67.0,11.0,66.3,3,3,0
32.5,96.1,12.0,57.3,14,1,0
35.9,56.8,25.5,73.4,6,4,1
35.6,50.0,30.2,68.0,10,2,0
33.1,56.5,26.1,60.1,2,5,2
37.3,62.4,21.1,55.3,8,4,0
32.3,92.7,26.1,72.8,6,1,0
33.0,61.6,25.4,60.4,13,1,2
38.6,54.7,34.2,49.6,11,1,0
36.7,54.2,33.8,72.2,14,2,2
33.6,78.7,23.6,54.7,4,1,0
35.2,77.0,27.6,70.7,9,4,0
34.9,59.2,30.2,36.9,9,1,0
27.6,42.5,31.4,58.3,3,3,0
32.2,51.5,41.2,73.6,4,2,0
34.4,85.7,27.8,62.1,10,4,0
33.6,73.3,37.3,68.0,2,1,0
35.1,65.8,18.7,53.0,6,3,1
37.3,87.4,22.9,65.5,11,5,0
33.7,88.5,10.9,62.0,12,2,0
31.9,64.6,29.2,64.4,8,5,0
35.3,64.8,33.2,82.4,10,1,0
33.7,58.0,7.6,75.0,12,4,0
34.1,61.6,29.5,69.9,3,2,0
33.8,47.2,32.8,70.0,10,2,0
40.1,47.1,32.4,52.9,11,3,0
28.9,44.3,18.4,57.3,12,4,0
33.5,78.0,34.2,46.7,9,3,0
34.5,46.3,28.1,49.3,2,3,1
32.5,88.4,32.7,53.1,0,2,0
36.7,56.2,27.0,61.7,9,4,0
36.5,85.8,31.0,49.7,4,1,0
34.4,60.6,36.9,61.6,5,1,0
33.8,46.2,26.4,60.5,6,1,0
34.2,80.4,30.3,50.7,11,5,0
34.2,81.8,38.0,77.3,5,4,1
34.3,54.1,26.9,48.8,8,2,0
34.0,61.0,19.0,73.2,7,4,1
35.1,54.1,33.4,39.5,0,2,0
36.4,63.6,39.5,60.6,10,4,0
31.4,66.3,38.3,50.0,8,2,0
31.9,60.8,33.7,55.5,3,4,1
30.1,43.2,9.2,80.1,11,2,0
36.7,58.0,22.9,58.5,1,1,0
35.1,73.4,23.3,51.0,3,5,2
35.8,62.5,28.4,66.9,3,4,2
30.9,61.1,41.5,58.4,9,4,0
39.0,53.8,19.4,63.5,14,4,0
33.0,57.7,45.9,52.9,12,5,0
34.9,81.9,24.9,53.3,2,1,0
36.6,51.3,21.9,54.1,0,5,2
32.0,73.6,34.8,70.0,11,3,0
33.1,65.6,35.4,59.7,8,3,0
34.9,67.9,33.2,51.5,5,5,1
41.6,56.2,21.8,63.6,13,5,0
35.3,60.8,32.0,62.8,2,2,0
38.5,64.9,19.7,67.7,1,5,0
37.5,58.8,21.6,57.2,7,1,0
35.4,69.0,27.2,61.2,4,1,0
32.0,70.5,21.4,66.2,3,2,0
37.1,91.1,36.4,51.9,9,2,0
30.8,68.3,23.4,70.9,4,4,1
38.5,42.1,26.2,62.2,8,3,0
35.0,79.0,21.0,51.0,8,5,0
27.9,62.6,36.3,50.9,11,4,0
33.6,89.1,22.7,61.0,14,4,0
36.1,82.7,37.1,56.5,9,4,0
33.9,58.9,36.5,69.5,4,3,1
36.3,73.7,24.4,59.1,8,2,0
32.4,57.9,28.2,65.0,7,1,0
31.2,65.0,24.2,53.5,6,5,1
34.3,73.1,32.4,61.8,5,2,0
34.6,78.4,26.4,75.2,1,4,1
33.6,75.7,24.7,60.5,3,4,1
37.6,65.9,28.4,56.5,8,2,0
32.4,94.8,15.3,53.4,1,1,0
35.3,60.6,27.4,61.8,2,4,2
34.7,45.7,33.2,76.1,8,2,2
30.6,48.0,29.1,48.4,14,5,0
31.2,82.7,35.6,61.5,2,3,1
34.5,64.1,25.0,44.9,1,2,0
39.5,66.9,24.3,57.9,5,4,2
35.9,58.5,19.1,64.6,1,2,0
30.2,59.6,24.8,46.2,13,4,0
26.7,55.6,43.7,57.6,11,4,0
36.3,70.7,30.2,64.9,1,5,2
34.3,63.8,23.3,63.3,1,3,1
37.4,70.2,20.0,65.4,8,1,0
32.3,69.1,15.2,52.3,6,1,0
35.4,59.9,21.4,64.9,10,1,0
36.6,47.5,34.1,56.0,13,5,0
33.4,46.5,24.6,69.1,5,2,0
33.4,101.3,20.3,38.9,11,2,0
34.6,82.7,21.2,59.1,4,4,1
35.9,81.1,33.2,63.0,3,2,1
34.5,56.9,27.3,75.5,14,5,1
36.9,65.1,23.0,62.9,3,5,2
33.3,55.2,25.5,63.9,2,3,1
31.2,49.3,45.6,65.8,8,4,0
39.4,57.9,37.8,74.5,8,2,0
33.0,80.9,39.7,58.2,7,3,1
33.1,75.1,14.0,48.0,1,3,1
34.3,53.4,26.8,46.1,1,2,0
34.7,61.2,22.8,68.6,11,3,0
33.5,74.0,32.4,64.2,2,1,0
34.5,58.1,36.5,59.4,4,4,2
34.4,66.0,30.6,56.1,12,1,0
34.9,69.8,21.0,63.8,5,5,1
28.6,69.7,22.7,64.1,5,5,0
39.2,68.0,33.0,66.8,13,2,0
34.1,57.2,33.8,50.9,11,1,0
36.0,58.4,29.1,44.4,10,3,0
31.1,51.4,29.0,52.9,2,1,1
33.3,46.3,28.4,48.5,4,3,1
32.8,63.6,30.2,48.0,8,4,0
38.2,74.8,33.7,77.7,12,2,0
33.0,48.4,33.0,39.3,7,5,1
36.4,68.3,28.2,66.7,11,1,0
32.9,74.4,27.6,71.1,4,4,1
33.4,43.0,27.3,71.9,5,3,1
33.9,61.8,21.8,64.8,9,2,0
37.7,84.8,21.7,75.2,8,3,0
29.8,71.6,32.4,79.8,1,2,0
31.2,42.6,22.3,59.0,5,4,1
29.6,72.9,34.5,66.5,12,5,0
31.8,56.0,27.6,74.8,8,3,1
32.5,73.3,34.6,53.4,11,4,1
30.5,56.7,33.1,59.6,12,4,0
32.7,64.4,34.7,55.7,4,5,2
29.5,58.5,24.2,66.6,3,3,0
32.0,65.0,31.3,43.0,8,3,0
37.5,58.2,33.9,76.4,7,1,0
35.5,62.3,15.6,67.3,13,4,0
35.0,50.9,41.6,67.9,2,5,2
32.0,70.9,46.1,38.4,6,5,1
30.7,67.1,35.6,51.6,0,4,1
31.7,45.6,34.4,76.9,5,2,0
34.4,76.9,32.7,60.2,8,4,0
36.7,62.9,25.4,44.8,11,2,0
36.8,66.9,27.1,64.2,12,5,0
36.1,74.2,35.7,68.8,0,1,0
32.7,68.9,20.2,67.3,13,5,0
34.6,79.0,19.5,60.5,10,4,0
33.7,61.5,24.8,73.4,3,5,1
34.0,77.4,33.3,55.0,3,2,0
39.6,66.5,21.1,67.4,11,3,0
30.1,71.1,26.2,63.4,10,2,0
33.9,69.8,27.1,60.7,3,4,2
37.5,79.9,19.9,58.2,6,4,1
30.8,73.7,8.5,58.6,12,4,0
32.9,59.7,19.8,62.3,0,4,2
33.2,57.3,30.1,59.1,7,1,0
33.9,64.4,31.9,69.3,13,3,0
30.5,55.9,32.0,56.6,0,2,0
36.0,52.4,32.9,77.7,8,5,0
36.2,39.5,23.0,56.2,8,3,0
35.8,46.4,21.3,71.2,4,1,1
32.3,88.8,31.0,71.6,8,2,0
34.7,57.1,26.3,63.7,10,3,0
32.3,87.8,35.3,62.8,4,2,0
33.7,69.8,31.1,54.7,7,4,1
39.9,64.4,38.3,56.8,8,4,0
34.7,47.0,24.3,64.2,0,4,1
31.5,65.1,36.5,61.5,3,3,1
35.0,87.7,44.3,73.8,9,4,0
31.1,83.7,28.4,57.5,7,2,0
31.5,68.3,32.0,58.1,14,4,1
31.9,51.2,20.6,45.4,12,1,0
33.4,53.5,35.2,68.4,3,4,2
36.8,54.8,37.0,67.5,14,2,0
35.9,80.3,24.0,71.8,12,5,0
35.8,84.6,32.7,72.3,6,2,0
31.8,67.4,30.2,69.9,9,5,0
33.1,61.4,31.1,70.3,4,3,1
35.2,83.6,34.5,68.1,1,5,1
32.9,53.3,32.2,69.6,3,2,0
33.8,65.6,26.9,43.6,10,3,0
35.6,70.6,34.7,51.0,8,4,0
33.6,54.6,36.9,49.4,6,4,1
35.1,57.4,23.6,74.7,7,2,0
38.5,56.4,28.0,54.2,11,3,0
34.1,82.0,13.9,55.8,10,2,0
37.4,88.0,32.7,62.1,9,4,0
35.9,66.4,37.8,49.6,7,3,1
30.8,61.8,25.9,65.8,0,1,0
31.7,57.8,29.1,40.7,5,2,0
32.4,65.0,26.2,50.2,1,2,0
32.4,58.4,24.9,64.0,11,3,0
34.3,63.8,29.9,49.6,5,5,1
36.0,70.0,21.7,75.0,3,5,1
37.6,60.1,26.1,62.5,7,4,1
35.3,62.7,20.8,73.3,7,5,1
33.4,62.8,32.7,65.6,13,1,0
29.3,61.2,29.9,61.9,2,5,0
34.7,59.7,24.6,52.0,12,3,0
34.6,74.1,28.3,71.3,3,2,0
35.0,43.8,26.2,66.4,12,2,0
39.8,83.9,37.2,82.8,8,2,0
37.6,66.6,24.5,70.3,8,5,0
36.5,72.3,33.1,58.0,10,3,0
32.1,73.7,22.4,64.9,1,1,0
33.2,56.5,34.5,66.2,11,5,0
34.3,54.0,36.3,73.6,11,4,0
32.6,52.6,36.7,75.2,2,2,0
35.8,62.0,39.8,60.4,1,4,2
35.4,73.4,30.3,49.8,10,2,0
31.8,58.0,37.9,43.5,1,3,1
37.5,72.3,41.0,50.6,8,1,0
34.8,36.6,19.0,56.1,3,2,0
30.2,60.4,23.2,77.0,10,2,0
34.4,79.0,16.0,77.2,13,4,0
35.2,62.9,36.5,71.6,12,4,0
36.9,55.1,15.9,74.3,11,4,0
33.7,57.1,13.8,54.9,9,3,0
36.6,28.7,19.2,46.8,1,2,0
35.0,52.9,14.1,51.9,14,3,0
31.2,77.7,30.2,41.7,13,2,0
31.0,58.0,19.3,50.9,0,3,1
37.3,59.4,14.5,56.9,11,4,0
37.5,37.0,27.7,63.7,1,5,1
35.3,45.4,28.1,63.4,9,2,0
38.2,79.3,13.0,55.1,3,1,2
37.1,72.4,22.3,67.7,1,2,0
36.2,49.4,27.4,55.3,3,5,1
32.2,57.4,25.1,62.1,4,3,1
38.8,64.6,25.4,50.9,5,3,0
35.8,50.6,37.4,72.9,4,3,1
33.5,41.0,45.2,62.2,6,2,0
32.8,63.1,25.5,68.8,9,5,0
35.1,71.9,17.4,49.8,6,4,1
30.3,72.1,26.1,63.7,8,5,2
36.2,75.5,29.6,67.7,5,1,0
32.1,46.4,27.6,41.6,4,4,1
35.4,65.7,32.9,73.7,2,1,0
33.2,61.8,45.7,49.5,4,1,0
33.8,64.0,14.3,64.1,2,5,1
32.6,62.5,23.9,79.9,7,2,0
34.1,57.1,40.3,71.5,9,2,0
39.2,28.8,23.8,47.1,12,1,0
38.0,78.9,34.3,60.2,4,1,0
35.4,69.0,33.0,74.3,1,4,1
34.4,47.2,37.9,53.8,12,3,0
36.6,70.7,43.3,58.4,10,3,0
37.3,59.6,30.7,58.1,4,1,0
32.4,60.0,14.0,67.7,14,5,0
34.3,55.8,22.4,46.6,9,1,0
29.9,71.4,45.5,68.3,11,3,0
37.3,55.4,16.7,55.8,5,3,1
39.7,51.8,32.0,61.9,6,1,0
34.7,78.6,7.9,59.8,5,3,0
29.2,62.9,17.2,68.0,10,3,0
36.0,63.2,35.1,61.8,12,3,0
32.2,73.3,28.3,76.4,12,2,0
32.8,57.0,25.0,71.9,4,5,1
36.1,59.4,21.5,54.0,11,1,0
35.1,68.7,12.0,75.7,10,4,0
33.3,46.5,33.5,65.2,0,2,0
32.9,67.7,25.7,63.7,11,2,0
34.8,55.9,15.8,70.5,1,2,0
33.5,75.3,28.2,51.6,1,4,1
31.7,71.6,32.6,48.2,1,1,0
33.7,70.0,26.4,62.2,8,2,0
35.3,45.7,28.9,55.9,0,3,1
34.1,63.8,28.3,82.7,7,1,1
31.0,50.9,22.3,54.4,10,5,0
37.0,64.6,28.4,62.4,8,2,0
27.7,37.2,33.9,63.9,4,5,0
33.4,46.5,36.3,74.3,5,4,1
32.9,79.3,34.3,52.1,10,2,0
34.9,69.4,22.6,45.9,5,4,1
35.9,60.8,33.1,75.9,9,3,0
37.3,54.1,31.7,62.8,10,3,0
32.7,52.0,22.3,70.1,7,5,1
36.0,67.4,24.3,70.6,5,4,1
35.0,60.9,33.4,72.3,0,5,1
30.2,83.6,39.0,58.2,11,5,0
39.3,62.8,13.5,55.5,4,5,0
30.9,65.7,41.1,42.0,6,3,1
35.5,48.3,37.3,52.1,0,3,1
35.5,60.7,29.6,62.6,11,5,0
35.2,67.1,26.1,55.0,13,5,0
33.3,60.5,31.1,50.6,13,2,0
36.6,59.2,22.9,62.5,4,4,2
30.6,68.9,26.6,75.4,1,3,1
34.3,83.2,16.2,61.4,1,1,0
33.1,66.7,14.1,50.7,5,1,0
32.8,78.7,46.7,74.7,0,1,0
35.6,72.5,28.5,54.3,2,2,0
37.2,78.0,29.6,76.8,9,5,0
33.6,57.7,27.8,59.4,0,2,0
36.5,62.5,21.4,63.0,9,5,0
34.6,62.6,25.5,77.6,13,3,0
32.3,71.6,28.7,48.5,14,3,0
33.9,74.5,26.4,51.5,14,2,0
33.8,66.5,22.0,58.7,4,4,2
32.8,75.5,31.8,60.6,9,3,0
35.6,58.2,29.5,88.4,0,2,0
35.1,75.6,31.1,53.1,3,4,1
30.5,77.2,33.6,49.0,11,4,0
30.4,73.1,26.6,52.6,3,4,1
35.6,66.6,26.6,64.3,4,3,0
32.5,73.6,39.9,66.9,6,4,1
35.3,54.3,20.4,54.9,4,2,0
36.5,67.4,13.0,62.2,11,5,0
31.3,68.6,32.4,81.5,13,3,0
31.0,49.0,23.0,62.4,8,2,0
38.7,70.7,19.4,65.2,8,3,0
35.4,50.0,35.1,80.9,10,5,0
33.5,59.9,26.8,55.0,6,5,1
32.2,65.5,17.9,54.4,6,2,0
33.2,56.2,43.5,57.3,14,5,0
31.5,66.0,15.1,56.7,5,2,0
36.7,65.8,27.3,43.8,3,1,0
32.6,55.2,12.9,63.4,0,2,0
37.2,71.8,30.2,64.2,0,2,0
33.5,55.8,22.9,60.1,11,2,0
31.9,92.5,34.6,64.5,3,2,0
33.4,63.7,27.9,64.6,11,2,0
27.9,50.9,38.8,48.8,0,1,0
34.2,53.2,24.6,64.9,11,2,0
34.1,78.8,15.2,67.6,6,3,1
36.6,60.1,29.9,46.0,12,3,0
29.8,48.6,26.0,76.6,12,3,0
37.4,75.2,13.4,49.6,8,2,0
36.6,60.0,19.6,50.6,14,1,0
37.6,72.8,22.1,64.0,14,5,2
34.4,76.2,40.4,67.3,10,5,0
37.0,68.3,33.7,69.8,7,3,1
30.8,93.8,25.2,67.6,13,4,0
36.3,44.3,31.8,56.8,14,1,0
32.6,55.2,11.7,63.1,6,1,0
30.4,61.9,23.5,58.8,4,3,2
31.7,92.1,31.2,63.7,4,4,0
34.5,86.6,29.3,62.7,14,4,0
32.4,80.5,23.7,57.0,2,2,0
35.4,55.5,27.7,58.5,0,5,2
30.0,56.9,30.7,43.5,7,4,0
29.2,55.1,27.9,70.3,14,2,0
37.9,55.6,34.9,65.0,4,3,1
36.8,82.9,30.5,38.9,7,2,0
31.9,62.1,32.1,69.9,1,1,0
34.5,63.7,41.7,61.5,12,1,0
37.0,74.3,34.6,52.6,13,3,0
35.5,45.0,41.9,51.7,9,1,0
34.9,65.6,22.6,55.1,1,5,2
37.2,51.8,15.3,52.7,1,5,1
32.7,61.5,26.9,54.0,11,4,0
34.6,58.0,26.2,79.0,1,4,0
34.5,57.3,39.7,65.7,1,4,2
33.8,67.7,19.0,82.4,13,4,0
33.5,67.7,27.4,64.3,7,5,1
34.7,62.4,31.2,67.8,8,3,0
34.6,69.4,28.8,53.2,10,5,0
31.9,54.6,26.6,60.3,5,2,0
36.5,73.2,30.9,61.2,3,5,2
32.1,62.5,36.6,68.2,7,4,1
34.0,59.2,40.3,61.5,1,1,0
33.8,55.5,28.3,65.5,4,1,0
35.4,62.1,21.5,65.2,8,1,0
29.2,87.4,40.3,59.0,14,2,0
36.7,64.2,19.4,57.9,9,4,0
32.8,51.3,42.3,55.3,11,5,0
37.5,76.0,38.8,72.8,4,5,1
33.3,59.3,39.9,59.0,0,1,0
34.4,68.4,33.5,65.3,5,3,1
39.3,57.7,11.1,60.4,10,5,0
33.8,80.4,19.7,72.6,0,5,1
37.6,57.9,30.5,42.1,12,1,0
34.6,81.8,22.6,65.0,4,4,1
35.5,52.4,25.5,49.5,10,1,0
34.7,61.5,32.9,65.9,13,1,0
36.6,81.8,26.6,60.5,9,5,0
32.8,67.0,18.2,47.2,2,5,2
32.0,92.3,35.1,65.4,3,1,0
32.9,61.8,32.1,64.2,7,5,1
34.7,68.1,26.0,59.7,14,5,0
33.9,87.9,33.7,61.0,10,3,0
36.3,46.8,28.8,63.6,9,1,0
37.8,45.3,38.7,73.8,12,4,0
32.1,55.5,29.2,58.9,2,3,1
32.7,74.8,38.6,72.1,1,2,0
30.9,45.7,13.0,61.6,8,5,0
39.6,72.2,31.7,75.0,8,4,0
35.3,71.3,24.8,59.6,3,2,0
35.7,89.2,21.1,55.3,9,3,0
31.1,77.5,37.3,51.0,2,2,0
34.5,69.4,35.1,61.7,2,3,1
35.8,81.3,11.9,54.1,13,2,0
33.9,71.5,33.7,76.0,0,4,1
37.2,59.5,32.8,53.3,8,3,0
40.3,51.3,22.2,55.1,12,1,0
32.1,58.2,21.3,67.8,10,1,0
31.9,64.5,15.3,73.9,6,1,0
32.3,67.1,25.3,69.3,4,1,0
38.5,39.4,26.6,72.6,0,1,0
37.1,62.4,34.4,61.2,1,4,1
34.2,65.3,30.2,61.3,8,3,0
34.6,71.6,19.5,82.1,7,1,0
32.5,84.5,29.9,78.9,5,3,0
36.7,67.2,26.0,69.1,4,2,0
33.6,54.1,20.5,73.1,1,3,1
33.8,43.2,15.3,70.6,1,3,1
36.0,73.2,33.0,49.9,4,3,1
34.0,54.6,31.6,61.6,13,2,0
33.9,75.4,32.5,77.0,4,1,0
34.5,81.8,22.2,69.2,1,4,1
36.5,46.5,29.4,61.4,8,4,0
38.6,71.6,17.0,77.1,1,5,2
36.0,80.5,20.1,65.7,6,4,1
36.5,77.2,28.3,69.6,10,2,0
34.0,39.8,30.1,65.7,1,4,1
32.7,54.8,15.0,67.4,13,5,0
36.1,49.6,19.5,68.1,9,1,0
34.9,71.3,25.1,75.0,13,3,0
30.9,70.0,35.7,76.3,10,4,0
33.7,32.6,21.5,57.5,14,5,0
34.3,61.4,29.1,65.6,7,3,1
33.2,74.6,30.0,74.7,0,5,1
38.2,66.8,26.0,60.7,0,4,0
35.7,66.8,30.1,48.9,2,4,2
37.9,60.6,17.2,52.9,1,1,0
35.2,52.3,22.8,53.6,12,3,0
34.7,64.8,39.5,57.4,14,4,0
32.2,65.6,40.0,54.5,9,1,0
34.5,72.4,34.7,72.3,2,5,1
34.5,73.4,36.8,59.2,14,4,0
31.1,66.0,13.4,74.6,4,5,1
33.2,78.1,20.4,50.7,13,4,0
33.7,60.5,25.5,58.5,10,5,0
35.5,47.7,47.3,63.0,6,5,1
35.7,70.7,25.5,70.1,11,1,0
33.0,66.5,34.0,73.4,9,5,0
35.7,71.0,31.0,56.6,13,3,0
34.0,49.8,30.8,71.9,9,3,0
27.3,86.5,27.8,45.2,5,2,0
33.3,73.5,18.4,70.7,1,3,1
37.2,61.5,6.4,48.6,14,3,0
30.3,53.8,38.3,66.5,11,3,0
34.8,77.9,23.1,73.3,1,4,1
38.5,51.8,13.1,70.9,9,4,0
32.6,92.1,31.5,45.6,12,4,0
34.5,57.6,31.4,57.5,10,3,0
31.2,85.6,34.1,69.2,4,5,0
38.6,62.8,36.9,68.9,2,5,0
34.3,84.0,20.6,64.8,14,5,0
34.6,56.2,21.0,40.0,5,4,1
37.9,65.2,25.5,74.0,13,2,0
36.2,74.7,34.6,75.8,6,5,1
32.3,72.9,11.2,63.6,11,5,0
32.9,78.2,29.0,64.3,3,2,0
35.7,59.2,35.5,67.0,9,5,0
32.9,66.0,35.1,76.6,8,3,0
29.2,80.0,33.7,64.5,3,4,0
34.4,56.5,36.5,60.1,10,2,0
30.8,71.9,6.0,65.8,6,2,0
38.5,62.4,40.9,61.9,9,3,0
34.9,67.5,30.6,62.0,0,1,0
32.2,66.0,38.7,44.3,1,1,0
32.8,55.5,18.6,67.2,10,3,0
29.8,61.9,14.0,73.7,14,5,0
31.8,66.7,42.3,72.2,1,1,0
37.0,63.8,20.6,71.5,0,2,2
40.1,83.9,25.5,61.5,3,2,0
36.3,77.1,32.2,63.5,0,2,0
34.3,68.5,34.2,73.9,3,1,0
33.4,55.8,36.6,70.7,10,1,0
32.1,55.1,29.8,76.9,11,3,0
39.6,88.7,19.6,55.3,9,3,0
34.0,52.9,33.7,55.2,6,4,1
39.8,66.4,33.8,58.7,2,5,0
38.0,69.3,13.5,52.6,8,1,0
30.1,61.3,39.3,48.8,14,2,0
32.8,53.0,8.1,66.7,3,5,0
32.8,55.6,36.3,66.0,8,2,0
34.3,58.4,22.9,64.5,5,1,0
34.3,56.5,33.6,65.5,5,2,0
42.0,80.9,32.1,47.4,7,2,0
31.8,64.9,27.7,57.2,2,2,0
35.1,58.7,31.6,59.1,2,3,1
36.0,66.3,27.3,62.5,0,2,0
34.5,73.0,33.7,47.4,10,3,0
34.8,60.9,45.5,52.7,13,5,0
31.9,75.8,17.3,57.6,6,2,0
34.8,49.7,2.5,72.6,9,3,0
35.8,79.1,24.7,64.6,14,4,0
35.3,64.9,24.1,72.2,11,1,0
35.9,64.4,25.0,60.8,3,2,0
38.0,56.7,20.6,62.0,11,4,0
36.8,50.3,35.0,67.0,5,2,0
34.7,45.0,16.9,60.2,14,3,0
31.6,55.8,31.6,55.8,13,3,0
33.0,72.1,33.1,47.1,0,5,2
34.0,53.5,30.5,56.0,13,1,0
35.1,46.4,31.9,70.4,3,4,1
33.3,54.1,35.6,74.6,7,5,1
32.2,60.4,28.4,54.3,11,5,0
31.5,60.9,25.2,44.7,1,3,1
30.4,63.5,31.9,71.3,0,2,0
33.9,77.4,32.8,62.7,6,1,0
30.8,80.0,35.1,48.5,8,2,0
32.0,89.1,14.3,30.9,8,4,0
33.5,45.5,26.5,52.4,14,1,0
31.2,54.7,19.5,57.4,3,4,1
35.4,73.4,32.5,50.5,10,5,0
36.4,59.6,33.8,68.9,2,3,1
33.1,75.3,25.8,53.9,6,5,1
33.4,67.5,22.2,62.1,7,5,1
35.8,84.0,32.8,85.7,6,4,0
32.7,77.5,26.9,63.2,2,3,1
32.5,77.7,39.4,60.8,2,3,1
37.5,60.1,42.2,61.1,13,2,0
36.7,63.8,36.0,68.7,14,1,0
36.0,61.3,29.9,67.5,1,4,2
36.8,46.9,42.6,52.0,3,3,1
29.6,82.7,29.9,57.9,14,5,0
37.9,73.9,24.2,55.3,1,4,1
35.5,60.9,22.6,59.2,8,2,0
37.0,80.7,22.4,80.3,4,5,0
35.5,57.4,27.9,68.2,14,1,0
34.6,42.9,31.7,61.2,11,1,0
33.8,77.1,16.7,74.4,11,4,0
35.4,49.7,24.4,63.9,0,4,1
33.7,62.7,29.7,45.6,2,4,2
36.7,67.5,33.1,78.6,11,4,0
30.5,69.6,27.8,60.4,3,2,0
33.1,75.2,30.0,39.4,6,1,0
39.6,72.0,18.1,46.0,1,5,0
32.9,71.6,20.7,73.3,0,2,0
33.9,55.5,27.5,46.2,10,1,0
32.3,68.5,32.1,75.5,2,1,0
35.3,46.9,29.9,62.8,2,5,1
32.7,83.7,21.2,69.1,12,5,0
34.0,48.2,26.1,59.4,10,5,0
36.6,60.8,40.1,67.2,3,5,2
32.8,49.2,32.4,65.2,12,1,0
36.5,56.2,26.7,61.6,14,1,0
36.6,65.2,19.8,51.3,6,3,1
37.1,58.7,22.3,65.6,6,3,1
34.9,78.7,28.1,43.8,9,1,0
42.6,67.7,30.2,71.3,2,5,0
37.1,59.4,32.5,64.0,13,4,0
35.3,63.4,31.1,66.6,1,4,2
32.3,79.6,25.0,35.8,11,3,0
34.3,75.9,23.9,50.7,8,5,0
38.1,51.3,44.4,56.9,1,4,0
38.8,56.8,23.5,68.7,6,3,0
38.2,70.7,17.7,52.6,4,3,0
36.5,69.2,14.9,87.5,14,5,0
31.4,52.4,25.2,59.4,8,2,0
35.7,74.0,35.5,51.8,5,5,1
31.4,54.3,23.4,60.1,3,1,0
30.8,80.6,39.8,52.5,2,1,0
35.1,71.4,27.9,50.2,7,1,0
35.8,51.4,36.9,72.1,7,2,0
36.8,58.7,21.9,67.1,14,3,0
35.7,58.4,22.1,67.2,9,5,0
35.8,66.9,28.7,74.8,6,5,1
32.0,62.6,31.9,66.9,5,1,0
34.2,51.3,26.6,51.3,3,4,2
30.7,48.3,30.3,69.1,9,2,0
29.5,71.6,32.7,50.7,2,2,0
36.4,68.4,16.6,57.2,0,5,1
32.6,66.3,25.3,61.5,13,5,0
36.7,68.2,23.9,60.5,0,4,2
37.3,57.6,24.2,44.1,3,1,0
33.0,67.2,31.3,52.3,8,1,0
36.0,95.5,24.0,61.8,2,5,0
32.8,79.1,12.0,55.9,10,2,0
29.9,61.5,26.1,73.3,8,2,2
34.8,58.7,19.5,75.0,1,3,1
33.3,30.7,32.0,50.8,6,1,0
33.4,77.8,34.4,62.6,12,4,0
39.4,74.4,10.6,77.8,5,5,0
30.7,58.5,21.8,60.7,10,2,0
35.5,47.8,30.8,57.9,8,3,0
32.0,51.1,16.7,70.6,6,5,1
36.8,70.3,34.3,59.3,8,5,0
35.2,63.9,36.4,74.7,7,1,0
35.4,73.3,26.7,56.1,1,4,2
32.1,66.0,21.8,57.3,6,1,0
32.6,76.6,9.5,69.9,6,1,0
36.8,69.4,34.5,63.0,11,4,0
38.9,74.9,44.0,63.1,10,1,0
35.7,39.9,42.4,42.9,8,1,0
32.3,50.2,26.4,58.5,5,3,1
35.3,60.6,19.3,70.6,9,3,0
40.6,78.0,34.7,54.2,14,3,0
34.8,87.6,27.0,69.0,12,5,0
38.2,63.0,31.8,64.7,3,3,0
32.6,57.7,30.4,60.0,4,2,0
34.4,41.5,28.7,75.6,7,2,0
36.0,75.4,36.2,58.6,9,5,0
35.5,58.4,36.5,59.3,10,2,0
32.6,100.5,23.8,59.9,11,1,0
32.5,56.1,20.6,62.8,8,3,0
37.0,90.3,8.0,69.7,12,4,0
37.5,74.0,25.2,47.3,0,1,0
38.3,52.7,19.3,70.7,3,4,0
39.0,67.8,31.4,62.7,7,3,0
34.8,74.3,25.3,67.5,7,4,1
33.7,62.3,26.2,85.9,14,1,0
37.9,75.1,34.5,56.9,9,5,0
36.3,74.8,31.2,49.8,6,5,1
32.0,72.2,27.1,63.9,8,4,0
31.9,64.8,41.5,65.5,1,4,1
35.7,50.9,33.9,70.7,5,4,1
34.1,64.1,24.7,56.6,0,1,0
34.4,67.1,25.0,53.7,2,5,2
37.2,42.5,34.3,46.7,6,4,1
36.4,67.0,29.6,48.3,0,4,2
37.8,63.8,19.0,57.8,2,3,1
29.7,49.4,35.2,60.8,13,1,0
35.1,61.0,38.1,82.7,12,3,0
36.2,61.3,37.5,45.1,8,3,0
30.7,88.2,40.3,65.4,14,2,0
32.9,67.6,44.6,54.7,0,5,2
32.4,77.4,41.8,64.2,14,2,0
34.6,63.6,30.7,56.5,7,5,1
38.6,42.5,26.3,72.4,5,5,2
39.6,73.1,13.4,72.3,11,1,0
32.5,57.1,28.1,60.9,6,1,0
35.8,61.0,32.2,76.4,9,2,0
35.9,52.4,28.3,69.6,4,4,2
35.5,65.9,12.9,75.9,7,1,0
35.5,77.8,25.7,61.6,1,2,0
35.3,76.2,33.2,71.5,3,5,1
38.7,84.0,19.8,54.3,8,3,0
37.3,85.7,29.3,53.3,14,3,0
31.8,40.4,31.5,83.8,2,3,0
36.5,50.7,36.9,51.1,8,5,0
36.7,43.3,41.7,57.6,0,1,2
35.3,72.6,25.0,43.0,7,3,1
37.3,56.7,29.5,53.5,12,1,0
35.0,59.1,29.7,52.1,5,1,0
35.0,62.4,33.2,55.3,11,3,0
34.8,69.6,32.3,65.0,5,5,1
29.5,47.2,39.4,67.4,13,3,1
34.3,49.9,9.3,51.9,9,4,0
32.8,65.0,31.3,54.1,4,5,2
31.5,79.4,31.9,72.8,3,1,0
38.1,64.7,26.1,79.1,13,4,0
35.8,55.5,9.9,74.6,7,5,0
34.4,39.2,27.5,45.5,5,5,1
33.1,76.4,22.3,73.9,8,4,0
35.2,56.2,41.4,80.5,1,5,0
37.0,51.2,31.0,45.0,2,4,2
32.4,44.4,21.6,72.8,6,1,0
34.5,47.7,11.6,64.3,4,5,0
36.7,53.5,32.7,58.7,8,5,0
29.7,62.1,33.6,63.1,5,1,0
34.4,50.5,26.3,66.4,6,5,1
33.4,67.2,32.8,73.6,11,4,0
34.2,62.0,25.2,73.1,11,3,0
33.2,91.7,36.5,46.9,4,5,0
34.8,44.5,35.9,55.5,5,4,1
39.3,66.9,14.9,62.9,9,4,0
33.7,67.1,16.8,77.7,13,2,0
35.2,52.6,44.3,34.7,8,2,0
39.5,66.1,35.5,55.9,1,1,0
33.1,74.2,17.9,46.7,8,5,0
39.0,66.2,15.4,48.3,10,2,0
34.5,81.6,29.7,71.9,14,1,0
39.0,38.9,18.9,56.7,13,1,2
36.4,54.9,25.5,38.7,10,2,0
35.3,82.7,27.6,60.4,8,3,0
34.3,75.9,27.3,82.4,2,5,2
32.9,71.5,37.0,43.9,13,4,0
34.7,79.8,42.7,67.3,7,5,1
36.7,42.0,24.2,77.7,10,1,0
34.5,74.5,19.0,61.5,11,1,0
33.7,77.8,31.1,81.3,0,2,0
33.9,57.1,41.1,55.4,5,2,0
37.0,96.6,24.8,76.5,10,1,0
37.6,67.4,34.8,74.1,7,5,2
32.8,38.7,21.3,61.7,9,5,0
32.8,69.6,28.2,47.1,8,3,0
35.4,56.4,18.7,52.0,0,5,2
38.3,79.0,28.1,38.6,4,1,0
37.4,71.6,27.1,67.9,6,1,0
31.4,57.8,32.9,66.7,5,5,1
33.8,83.0,42.2,62.8,0,5,1
32.2,76.3,24.9,60.8,0,4,1
33.8,55.1,12.0,75.6,4,5,1
38.5,63.2,26.4,65.0,12,4,0
30.9,71.2,30.4,56.5,14,5,0
30.5,60.6,29.6,63.5,12,5,0
32.4,61.0,26.7,82.5,14,5,1
35.2,65.4,39.9,68.2,13,5,0
36.1,52.2,29.1,58.1,10,3,0
35.6,38.2,27.2,61.6,1,5,1
37.4,67.9,21.8,66.6,5,2,0
30.1,41.1,14.0,57.8,11,2,0
37.5,53.1,30.6,56.9,5,5,1
33.7,43.7,30.0,61.9,4,2,0
36.3,45.2,19.5,77.2,0,5,2
31.2,70.1,27.6,69.9,5,3,1
34.5,62.3,26.8,57.9,5,2,0
35.1,61.9,23.0,70.7,12,3,0
37.4,49.2,21.7,62.1,11,3,0
30.5,57.1,31.2,65.4,1,1,0
34.6,69.5,26.2,64.5,7,3,1
31.8,64.4,23.3,40.9,13,1,0
35.8,74.9,21.1,31.5,7,3,1
36.4,76.6,27.0,64.3,14,2,0
37.7,62.0,35.4,53.5,1,4,1
33.2,42.8,29.7,45.6,4,5,1
36.8,55.9,26.1,53.8,13,1,0
37.9,63.8,30.5,71.2,10,1,0
30.4,55.7,38.9,65.6,4,3,1
36.0,52.3,31.9,69.7,13,4,0
36.9,65.8,30.1,66.5,5,2,0
33.9,94.2,33.1,52.8,11,4,0
31.5,59.1,26.7,69.8,4,1,0
36.9,65.0,29.5,67.9,5,2,0
31.5,49.3,24.1,60.8,4,3,1
34.1,79.9,15.6,62.6,5,4,1
34.4,75.5,30.7,69.9,8,2,0
36.3,74.7,30.8,54.5,12,5,0
32.9,81.3,25.7,72.9,9,3,0
32.8,59.9,36.3,67.7,0,4,2
34.7,61.4,22.2,62.0,8,1,0
37.0,85.5,13.8,77.3,6,5,0
40.2,72.6,22.4,49.1,1,3,0
30.7,38.4,15.7,57.4,4,3,1
35.3,70.5,30.7,55.2,14,2,0
31.8,58.0,22.0,65.6,5,4,1
37.0,75.8,35.9,73.8,10,1,0
32.2,69.9,35.7,52.2,2,3,1
32.8,44.1,20.6,95.1,13,4,0
33.0,68.2,21.5,55.4,12,4,0
34.3,67.5,32.3,65.6,2,4,2
35.3,69.4,35.8,62.0,10,2,0
35.7,71.9,11.9,62.5,13,3,0
34.5,83.0,30.3,54.1,13,1,0
31.2,70.0,10.4,72.7,10,4,0
36.3,65.3,23.6,53.5,10,2,0
34.4,78.8,36.7,44.3,7,2,0
37.4,91.9,52.1,50.8,2,4,0
32.7,76.0,26.1,76.5,0,1,0
30.5,67.5,18.0,74.5,4,2,0
34.4,70.2,23.9,41.9,3,2,0
37.7,68.1,28.5,70.1,13,5,0
34.9,65.2,22.6,42.2,12,4,0
34.0,91.0,20.6,61.7,4,2,0
32.3,56.0,24.6,49.9,5,4,1
38.9,78.9,31.2,70.9,11,2,0
31.9,63.5,26.6,67.5,10,4,0
32.7,47.2,20.9,71.8,13,2,0
35.9,62.7,22.6,59.0,10,5,0
29.9,58.4,24.7,60.1,10,5,0
37.7,71.9,20.0,47.0,11,2,0
36.1,66.1,22.3,51.7,13,3,0
36.7,52.7,33.1,71.5,5,5,1
35.9,82.7,26.2,65.7,3,1,0
34.1,78.1,14.0,63.0,13,4,0
31.8,84.0,36.2,74.6,2,3,1
34.1,67.8,31.3,49.0,4,3,1
32.1,64.6,16.9,69.2,2,3,1
35.7,73.4,25.1,50.2,12,3,0
36.5,58.1,21.7,76.8,13,2,0
38.2,66.6,33.4,67.4,6,3,0
35.4,62.9,25.0,71.6,1,5,1
36.8,47.5,27.4,55.0,3,1,0
33.8,66.5,26.5,83.8,8,1,0
33.3,59.7,16.2,82.0,5,1,0
35.7,62.1,39.2,66.3,11,4,0
33.5,69.4,33.3,73.8,11,2,0
35.2,80.3,22.0,59.0,6,1,0
31.8,54.8,29.5,49.3,9,2,0
32.3,61.0,35.8,70.0,0,2,0
36.1,55.8,28.4,52.8,2,1,0
36.7,55.0,40.5,75.1,5,4,1
32.0,57.9,51.3,72.5,1,1,0
36.2,62.6,27.0,64.4,0,5,2
33.2,72.0,23.3,63.8,10,5,0
34.5,68.8,20.1,71.9,0,5,1
38.0,52.3,10.3,64.7,3,2,0
36.5,80.5,38.0,58.0,10,2,0
36.5,76.3,25.2,46.9,3,5,1
39.3,54.2,35.0,71.6,3,4,0
32.7,79.7,36.6,65.7,11,3,0
32.0,68.9,19.4,89.6,0,5,0
32.7,63.1,20.6,61.0,4,1,1
33.9,69.3,42.0,65.0,8,3,0
28.6,64.7,27.4,65.3,1,1,0
34.0,71.5,22.7,68.5,9,4,0
33.1,67.2,19.6,52.3,6,2,0
36.5,61.0,26.9,61.2,4,1,0
35.4,40.7,40.1,70.3,8,2,0
33.0,71.3,33.5,58.7,0,3,1
36.0,60.5,29.5,69.9,9,2,0
36.3,74.3,40.7,63.0,6,5,1
32.6,70.8,39.2,66.0,0,5,2
33.3,60.8,30.7,73.5,11,5,0
28.9,77.3,50.2,59.7,6,2,0
31.8,67.5,26.0,47.5,1,2,0
32.6,67.0,36.8,59.3,5,3,1
34.7,63.3,24.9,53.7,11,5,0
32.1,85.2,35.2,40.7,6,3,0
33.2,56.4,26.0,60.9,5,2,0
31.4,61.1,31.7,64.0,0,4,1
34.9,50.2,47.1,72.2,0,1,0
35.6,73.7,35.6,50.6,4,5,2
35.5,58.0,31.8,62.9,4,4,2
34.5,59.4,21.8,73.3,9,3,0
30.6,58.8,29.5,56.3,7,1,0
33.0,65.8,19.9,67.4,1,2,0
33.5,50.0,35.1,78.0,9,3,0
33.5,38.1,34.9,43.4,14,5,0
34.7,70.5,26.6,64.7,12,3,0
38.1,39.6,41.3,73.6,14,5,0
36.5,75.2,40.2,58.5,7,3,1
32.0,83.7,29.2,75.9,5,4,1
36.2,63.0,32.5,68.3,0,1,0
36.1,80.6,23.3,79.7,10,4,0
32.5,64.7,25.8,67.8,6,2,0
36.6,84.2,19.4,80.5,9,3,0
34.1,59.5,24.2,65.0,4,2,0
31.0,36.6,27.2,48.3,2,3,1
35.6,64.0,14.7,55.7,10,4,0
35.0,85.5,32.6,72.2,5,2,0
33.9,71.4,36.2,72.0,7,1,0
34.4,58.8,27.9,58.9,14,4,0
32.7,68.9,6.4,80.0,4,3,0
36.0,76.7,26.0,58.5,1,5,1
34.4,64.0,16.9,66.6,10,4,0
34.9,96.5,23.1,66.3,8,2,0
35.4,58.8,39.6,48.7,5,1,0
31.6,77.0,8.5,60.9,8,3,0
32.3,74.1,21.5,85.8,13,4,0
29.0,56.6,34.6,52.8,2,4,0
35.9,59.9,22.4,68.3,11,2,0
31.5,77.2,21.8,50.5,8,2,0
34.8,66.7,44.3,52.7,12,1,0
35.4,69.1,31.0,47.9,13,4,0
36.0,45.4,35.5,71.4,2,2,0
31.5,72.9,32.0,53.3,1,4,1
34.3,68.4,29.3,74.7,0,3,1
38.7,64.2,38.1,56.7,2,1,0
38.8,69.3,43.2,63.3,5,4,1
37.0,60.1,14.5,66.1,3,2,0
35.3,57.9,27.7,45.8,12,5,0
32.0,62.1,27.7,64.0,11,1,0
36.3,59.4,24.6,65.5,5,2,0
34.1,91.2,35.8,73.4,8,1,0
35.9,75.9,30.1,52.4,4,4,1
32.9,53.4,43.4,53.8,7,3,1
34.1,89.4,36.8,68.6,4,3,0
34.9,59.8,38.9,76.1,11,4,0
35.1,65.4,18.4,56.1,3,5,2
35.7,75.8,21.6,49.6,14,2,0
33.1,41.4,22.2,58.8,13,3,0
31.1,62.2,38.6,51.9,2,4,1
38.6,58.1,20.3,66.0,8,5,0
40.7,67.5,20.5,51.2,12,1,0
35.6,69.4,19.0,71.7,12,3,0
31.2,64.1,50.0,64.1,5,5,1
32.6,63.5,26.9,72.0,8,2,0
35.8,77.8,32.2,37.8,2,2,0
37.9,68.6,18.9,44.4,3,3,1
31.5,65.5,35.7,74.9,3,4,1
34.2,66.8,13.8,54.8,4,4,1
35.0,87.0,20.2,47.3,5,1,0
36.7,67.1,22.1,60.0,10,2,0
33.6,58.8,29.8,64.4,13,5,0
30.6,42.1,21.7,60.4,8,4,0
36.1,47.8,40.2,66.7,7,3,1
37.3,59.4,32.0,65.3,10,3,0
34.3,63.7,22.5,64.8,9,5,0
35.5,58.3,36.0,75.5,6,5,1
33.3,69.2,24.9,61.9,0,3,1
32.4,58.2,23.3,61.6,8,2,0
37.1,54.0,35.2,70.0,0,5,1
35.5,72.4,8.4,67.5,9,2,0
35.7,81.4,33.9,53.0,14,3,0
38.3,51.7,22.3,61.1,11,5,0
31.9,67.9,22.3,66.4,12,1,0
33.1,42.1,43.7,56.1,6,4,1
34.9,47.3,23.8,56.6,7,4,1
33.1,57.9,35.6,48.1,7,2,0
36.5,78.6,30.2,33.2,3,1,0
34.0,55.7,31.1,58.3,14,5,0
32.0,55.2,26.0,63.3,0,4,2
34.7,65.4,25.6,51.0,14,5,0
34.9,65.4,40.2,75.8,14,2,0
36.8,55.6,35.4,51.5,14,5,0
35.5,88.8,24.0,71.1,0,4,0
35.7,61.8,19.6,66.2,14,2,0
35.3,66.4,23.3,83.8,3,3,0
34.0,60.2,35.9,67.4,3,2,0
32.7,70.3,37.4,47.5,10,3,0
35.2,79.8,32.4,72.5,5,1,0
33.7,85.0,15.1,79.0,14,4,0
38.7,55.9,34.0,44.3,7,3,0
37.9,78.2,38.4,68.4,1,4,1
36.1,71.6,29.4,70.6,3,4,1
35.4,76.7,43.8,59.9,11,4,0
34.3,63.9,17.4,37.8,8,4,0
31.3,62.8,33.5,59.0,4,4,1
34.0,76.2,19.8,56.2,3,3,1
34.8,76.5,36.5,77.3,10,3,0
35.1,83.8,32.9,61.1,3,4,1
35.7,67.4,42.4,57.9,1,5,2
36.8,63.7,32.0,56.1,8,3,0
32.8,35.5,24.8,65.3,12,2,0
32.8,45.7,24.1,62.6,4,2,0
38.1,60.3,26.0,54.1,10,1,0
36.4,51.8,23.9,64.6,6,4,1
33.5,74.8,38.8,56.4,14,4,0
34.2,49.3,38.2,36.1,9,2,0
34.2,59.0,16.0,68.7,7,3,1
34.6,59.5,28.3,67.7,3,2,0
35.7,79.5,28.5,64.0,13,5,0
40.8,57.7,21.7,57.6,0,5,1
35.0,70.4,31.5,61.3,8,5,0
36.2,67.3,39.7,70.2,3,5,1
30.3,75.8,35.1,55.7,7,5,1
33.3,75.2,38.8,70.6,14,3,0
37.6,64.6,22.3,47.3,1,3,1
35.5,44.6,28.3,63.7,0,2,0
23.5,62.2,21.9,62.3,12,4,0
36.2,64.8,29.9,72.0,10,2,0
39.3,68.4,30.6,52.8,6,2,0
29.5,56.1,35.7,53.9,3,5,0
38.3,78.7,38.5,48.1,9,1,0
27.6,65.2,33.5,56.3,3,1,0
36.8,54.0,21.1,64.6,9,4,2
34.5,59.5,17.2,44.0,6,4,1
28.6,88.1,32.2,57.6,11,4,0
35.6,73.0,40.0,68.1,9,3,0
37.4,77.6,27.8,61.0,8,1,0
35.4,52.5,15.8,62.8,1,2,0
36.0,56.7,44.7,46.9,9,5,0
33.5,56.8,31.9,61.0,10,4,0
29.8,67.2,29.4,62.3,7,5,0
36.2,62.9,18.7,60.4,8,1,0
38.9,59.1,28.1,63.5,9,2,0
37.3,60.6,33.5,58.9,3,4,1
29.5,55.5,32.0,57.4,6,1,0
30.7,62.8,22.6,51.6,1,3,1
32.4,78.4,27.5,71.7,11,5,0
30.5,46.8,23.1,49.7,2,1,0
34.6,69.2,41.3,63.6,12,1,0
35.5,81.6,35.2,80.1,9,4,0
30.9,62.8,23.8,73.0,7,2,0
36.4,58.7,18.7,67.1,7,1,0
36.0,76.1,30.2,64.5,2,3,1
33.1,53.2,24.1,60.7,9,4,0
34.1,64.7,24.7,53.0,5,5,1
29.6,52.5,18.9,59.5,11,1,0
33.7,42.6,19.9,67.7,12,4,0
34.5,63.2,29.3,65.9,13,4,0
34.9,49.8,25.9,69.9,13,4,0
35.4,64.9,48.0,74.2,11,2,0
35.1,78.4,32.8,60.4,4,5,1
33.8,87.3,18.8,63.9,4,1,0
35.2,66.1,15.7,43.0,14,4,0
37.0,77.2,31.2,84.6,14,1,0
34.3,69.8,24.8,57.9,4,4,1
35.3,60.4,38.7,68.5,9,3,0
34.0,41.9,30.3,57.9,13,1,0
32.9,84.5,12.1,57.6,12,1,0
35.8,52.4,19.8,59.6,14,3,0
33.1,81.6,22.6,49.5,5,2,0
35.5,71.4,31.5,37.2,7,3,1
34.6,53.3,19.6,73.6,8,3,0
33.7,68.7,29.2,67.5,14,1,0
33.7,90.6,17.3,52.8,14,3,0
33.2,83.4,28.0,66.5,8,3,0
30.4,58.8,31.0,70.2,12,2,0
35.5,56.5,39.7,55.1,5,2,0
35.1,66.2,30.0,66.1,9,1,0
36.6,63.0,21.5,72.1,12,1,0
33.2,79.4,39.9,47.6,13,4,0
39.2,73.9,26.5,67.3,1,3,0
33.6,44.7,34.2,65.6,1,5,1
32.3,70.5,23.1,80.8,3,2,0
32.0,62.9,28.7,67.6,1,3,1
30.2,65.4,21.6,57.9,3,1,0
38.3,68.0,30.6,59.0,14,5,0
37.9,79.4,34.4,82.2,9,4,0
36.0,76.7,24.0,58.5,1,1,0
32.3,56.0,23.6,67.9,10,5,0
39.0,64.3,30.9,59.6,14,5,1
33.6,59.6,21.4,72.8,12,4,0
33.8,44.8,15.9,73.3,12,5,0
38.1,63.7,30.8,61.8,13,1,0
36.1,87.1,27.1,57.9,11,2,0
40.0,44.5,27.0,57.7,13,4,0
35.1,64.7,32.2,44.7,11,3,0
33.5,64.3,33.3,63.0,10,4,0
33.0,68.5,26.7,62.8,2,5,2
29.9,53.4,19.0,53.8,13,2,0
33.8,47.9,22.9,43.7,1,5,1
37.4,48.5,32.7,64.1,4,1,0
36.0,81.0,29.1,65.3,10,3,0
34.6,53.2,23.6,65.9,10,3,0
32.0,59.0,21.7,52.1,13,5,0
35.1,90.3,32.9,66.0,1,3,0
37.0,56.2,26.2,60.2,11,5,0
35.6,69.1,34.0,70.6,1,1,0
34.9,77.8,35.0,52.3,9,5,0
32.5,77.2,25.5,73.5,3,1,0
36.7,49.0,35.6,77.1,8,3,0
26.7,56.4,29.1,63.2,1,3,0
35.5,68.6,30.1,66.0,0,1,0
40.9,88.1,10.5,69.8,14,3,0
30.7,55.9,20.2,51.7,7,5,1
33.9,59.1,20.7,57.1,6,3,1
34.5,70.0,25.5,63.8,5,4,1
33.3,72.4,28.9,82.3,13,5,0
37.1,73.2,29.2,50.0,11,2,0
35.7,54.8,30.3,78.4,7,1,1
34.9,58.6,22.5,60.1,1,4,2
36.5,67.6,33.5,61.7,10,4,0
34.5,80.1,42.5,74.2,3,1,0
42.4,62.1,25.2,82.2,4,2,0
34.9,64.7,22.7,66.2,9,2,0
35.0,52.7,22.5,73.6,14,4,0
30.2,87.4,28.7,52.8,3,5,0
33.1,66.9,23.8,56.7,0,4,2
37.4,77.9,14.2,48.5,6,2,0
31.2,65.4,16.3,56.8,10,4,0
29.1,66.0,36.2,67.7,9,2,0
34.6,47.0,38.3,64.1,14,4,0
37.9,39.2,40.8,79.3,3,5,0
34.6,80.0,29.8,82.5,11,4,0
33.7,65.9,20.1,60.6,11,4,0
29.9,67.5,24.5,55.2,12,4,0
35.6,50.0,16.1,73.6,13,3,1
36.2,54.2,15.8,74.6,4,1,0
30.0,77.7,30.0,66.4,4,5,1
37.3,85.9,32.3,69.1,6,2,0
36.4,57.5,43.7,67.5,5,5,1
37.3,73.1,27.3,52.1,2,5,1
36.0,67.3,17.1,49.8,4,4,1
36.1,63.6,27.0,61.5,5,3,1
35.8,87.2,25.7,60.0,11,2,0
36.7,59.6,24.1,64.8,0,1,0
30.0,79.9,30.7,60.7,11,5,0
30.7,69.6,18.3,45.0,11,5,0
32.7,64.8,29.0,40.9,1,4,2
34.2,81.5,33.2,69.4,14,5,0
35.5,68.5,39.4,55.4,10,2,0
35.3,63.8,30.5,59.7,10,3,0
37.3,81.6,36.3,56.4,11,1,0
37.4,80.0,24.4,52.9,12,3,0
32.3,79.4,25.6,52.6,6,5,1
35.1,18.3,38.8,72.2,7,2,0
32.4,70.3,17.0,59.6,9,3,0
34.0,67.5,24.8,68.3,2,3,1
35.3,64.6,37.0,69.7,0,3,1
26.0,72.3,26.3,65.2,10,5,0
40.5,68.1,25.7,70.0,3,3,0
35.9,73.1,25.9,62.1,4,2,0
33.0,61.8,28.9,75.6,1,2,0
39.3,83.0,36.7,70.2,6,2,0
33.6,74.3,35.4,71.6,8,2,0
34.8,71.5,28.1,52.6,13,5,0
33.3,70.9,36.7,64.6,7,3,1
38.6,78.9,30.7,43.6,5,2,0
34.2,77.3,34.9,76.0,11,1,0
34.9,63.6,19.8,55.8,4,5,2
37.5,76.9,41.9,57.2,0,1,0
36.0,67.1,29.8,48.3,0,2,1
34.4,88.0,6.0,61.6,12,4,0
37.3,78.2,41.3,59.3,10,1,0
40.8,57.5,28.0,80.2,2,2,0
35.3,93.0,24.8,70.6,3,5,0
34.8,39.8,23.2,56.9,12,1,0
34.9,72.6,31.5,45.3,9,2,0
37.8,56.6,20.9,39.2,7,1,0
33.0,87.6,23.4,51.7,5,4,0
33.8,68.0,23.6,48.7,5,1,1
30.7,55.5,25.7,65.5,11,1,0
31.5,61.8,23.9,60.6,2,3,1
33.2,56.4,34.8,62.2,13,4,0
34.4,61.3,30.2,52.5,3,5,2
38.9,61.1,31.1,63.5,3,2,0
35.8,56.0,32.9,47.8,5,3,1
32.2,68.2,27.3,61.1,11,5,0
32.7,69.7,19.8,70.3,0,4,1
37.9,53.0,42.4,58.3,2,5,1
37.3,45.1,35.4,66.4,5,1,0
34.6,68.7,40.9,42.2,2,1,0
33.4,71.4,36.3,41.4,5,4,1
37.3,73.8,24.3,65.3,6,2,0
32.0,71.6,9.2,72.5,9,4,0
35.5,83.9,18.2,59.6,4,4,1
40.2,77.0,33.1,83.5,8,3,0
35.0,97.2,27.2,47.6,14,5,0
32.6,102.2,24.6,55.2,6,5,0
35.5,43.9,8.0,63.4,12,2,0
33.3,38.6,27.9,66.6,4,1,0
31.0,64.9,19.3,56.2,13,5,0
36.3,71.1,22.2,51.4,8,5,0
37.3,64.1,34.8,68.2,2,5,1
33.7,73.4,19.8,63.3,13,1,0
33.6,61.8,20.5,58.6,10,4,0
32.1,56.7,29.5,67.0,5,5,1
34.1,58.5,35.0,60.6,9,2,0
33.1,62.6,24.8,60.6,14,4,0
32.0,75.1,39.7,60.2,1,3,1
39.2,59.2,17.8,53.8,0,3,1
35.7,61.5,16.4,52.8,11,4,0
35.9,71.8,15.7,56.7,4,3,1
36.7,62.6,14.8,62.3,12,4,0
36.4,78.4,30.7,43.3,11,2,0
33.5,54.0,20.2,71.4,13,2,0
35.2,51.4,16.7,62.2,11,4,0
33.8,68.7,31.0,51.3,14,3,0
35.6,69.9,34.6,78.2,9,2,0
35.4,54.6,36.4,62.4,1,5,2
33.5,81.1,35.0,48.6,3,2,0
31.2,88.1,20.7,77.7,13,3,0
34.9,57.5,30.2,75.5,4,2,0
34.0,82.8,32.0,52.9,14,3,0
29.8,36.4,24.2,58.8,13,3,0
35.8,77.9,29.3,57.4,10,2,0
36.9,54.7,18.0,43.1,2,4,1
40.8,76.7,23.0,65.2,2,1,0
33.5,53.5,31.0,70.5,11,4,0
33.2,64.2,40.1,68.6,6,1,0
31.7,55.3,37.2,62.3,6,2,0
35.0,62.4,33.3,71.4,1,3,1
35.0,87.0,28.6,50.6,6,3,0
32.5,63.7,27.4,80.2,0,4,0
34.1,90.3,16.4,54.3,2,5,0
29.6,60.4,21.3,55.4,13,4,0
36.8,82.9,21.6,56.2,11,3,0
32.6,45.5,32.6,55.5,14,1,0
34.4,61.6,35.6,60.1,13,5,0
30.9,58.6,33.9,59.7,13,2,2
33.0,83.5,37.5,63.3,6,4,1
33.8,67.2,28.6,53.8,3,5,2
34.5,39.9,20.1,63.7,10,4,0
35.7,49.3,27.6,51.1,9,1,0
38.1,52.8,22.2,69.3,6,2,0
36.3,76.2,33.3,69.2,7,5,1
36.9,74.7,25.1,61.9,3,4,2
38.1,61.4,27.2,55.5,7,4,0
35.9,58.4,33.5,65.1,14,3,0
34.4,73.6,22.1,53.1,6,5,1
37.0,51.4,35.7,62.3,7,4,1
37.2,70.5,17.2,60.5,14,4,0
36.1,69.5,30.5,88.3,12,5,0
30.9,61.7,27.3,49.7,11,5,0
32.4,69.8,34.6,35.3,0,5,2
33.8,66.2,17.0,55.6,12,4,0
36.4,71.0,15.8,44.8,1,2,0
34.4,49.0,34.0,54.7,0,2,0
37.3,72.4,24.9,49.0,5,1,0
37.8,77.3,27.3,53.0,6,5,1
37.5,68.9,22.7,51.4,1,2,0
37.5,72.2,35.3,71.6,8,2,0
31.9,63.7,30.4,61.5,13,4,0
35.7,75.7,29.9,72.8,9,3,0
33.0,65.8,18.6,62.4,14,2,0
30.4,51.2,32.0,71.3,13,2,0
33.8,74.8,20.1,59.0,12,3,0
37.8,45.4,22.7,77.9,2,4,1
35.7,68.4,17.1,66.7,9,1,0
39.5,60.4,26.7,54.2,1,4,0
34.9,59.6,36.5,68.2,11,1,0
40.6,67.1,29.8,62.3,13,5,0
34.9,56.5,24.5,60.0,1,1,0
34.6,71.1,28.9,63.0,7,2,0
31.3,65.7,28.8,69.5,1,2,0
37.3,57.6,28.5,40.8,8,5,0
33.2,81.1,29.4,58.5,6,2,0
32.9,67.5,19.7,68.8,13,5,0
37.7,72.6,28.9,64.5,4,2,0
37.4,82.0,14.0,50.7,11,2,0
37.3,81.8,32.6,38.3,9,3,0
33.6,72.0,19.2,79.0,10,1,2
34.4,61.4,37.4,60.1,14,1,0
34.4,47.8,8.4,77.1,2,2,0
36.5,67.5,41.4,69.9,0,4,2
38.4,78.1,14.9,54.1,9,1,0
35.4,69.3,18.4,37.0,1,5,2
39.4,23.7,30.4,57.4,6,4,0
36.7,75.4,32.9,61.6,7,2,0
33.9,76.2,25.7,66.5,9,1,0
36.6,61.4,35.1,50.9,0,3,1
38.8,76.9,21.6,63.8,8,3,0
39.5,72.5,24.8,63.8,11,1,0
37.5,56.8,25.6,71.9,0,4,1
34.6,80.3,23.7,58.9,5,5,1
34.0,49.8,12.5,66.4,5,3,1
35.9,64.3,27.8,64.9,5,3,0
38.7,63.1,27.1,70.8,6,5,0
35.6,55.1,36.6,53.8,2,2,0
35.6,68.6,17.7,31.3,7,2,0
34.6,80.7,22.9,59.6,1,5,1
33.7,80.0,37.6,59.7,1,3,1
34.1,73.7,30.3,50.4,8,5,0
34.8,44.6,32.4,46.9,13,5,0
38.8,49.0,31.6,56.3,10,5,0
33.9,67.0,31.7,60.9,5,2,0
34.6,64.6,42.6,63.0,5,4,1
32.3,59.0,28.7,39.1,7,3,1
36.3,87.9,19.9,44.5,0,4,0
37.9,66.3,33.1,73.3,9,5,0
38.6,71.5,23.5,60.1,2,4,0
35.0,76.9,27.1,62.0,10,3,0
35.9,65.7,31.0,48.7,5,5,1
34.1,96.1,21.4,62.0,5,5,0
35.8,53.7,23.9,58.2,6,2,0
35.3,57.7,31.8,55.8,1,5,2
34.6,53.7,23.6,47.4,3,3,1
34.8,83.8,35.8,53.3,3,2,0
35.6,74.6,20.1,81.7,12,2,0
33.8,58.5,20.1,58.5,2,4,2
33.9,54.6,43.2,69.9,1,2,0
38.8,81.6,15.8,60.0,3,4,0
41.3,69.3,27.8,58.9,6,3,0
31.5,81.9,42.8,55.6,9,5,0
31.4,64.3,27.8,75.5,6,1,0
32.1,71.1,38.8,65.7,8,3,0
34.2,68.6,33.2,54.1,7,2,0
36.7,57.5,27.9,58.1,2,4,2
36.0,63.3,27.0,72.8,0,5,0
34.9,50.8,11.0,33.6,10,2,0
35.8,70.9,25.4,65.1,14,5,0
32.8,74.1,29.9,67.4,0,4,2
33.9,76.9,29.9,54.5,13,1,0
34.4,73.0,47.7,63.5,13,4,0
30.5,63.5,30.2,67.0,11,3,0
31.6,83.6,33.0,49.7,8,5,0
31.7,75.7,37.3,70.4,5,3,1
36.4,81.7,32.3,65.0,8,2,0
35.1,82.4,27.3,60.5,0,1,0
36.0,63.5,27.4,63.0,4,1,0
29.9,69.7,25.2,69.1,5,4,0
30.8,74.3,31.6,85.2,7,5,0
36.2,51.2,26.6,68.1,4,4,2
27.6,51.5,33.0,70.1,6,4,0
37.6,49.4,19.9,63.9,10,1,0
29.9,63.7,29.2,81.0,14,1,0
36.6,61.0,40.4,47.3,12,3,0
32.3,47.8,26.2,44.6,1,3,1
37.1,66.8,42.7,63.5,8,3,0
42.5,63.9,29.3,68.6,6,5,0
28.8,79.2,27.5,36.3,7,2,0
36.2,89.2,28.9,62.0,11,5,0
30.0,70.5,25.5,60.2,4,2,0
35.6,56.6,12.2,69.4,8,2,0
34.0,72.8,35.0,66.3,13,2,0
34.8,65.1,45.5,43.9,8,4,0
32.2,62.1,31.8,51.2,8,2,0
36.5,54.7,32.3,53.9,13,3,0
30.9,59.4,26.5,69.4,0,1,0
37.6,62.9,37.3,65.7,5,2,0
33.5,74.6,27.7,55.8,7,1,0
31.0,71.1,30.1,63.4,0,4,1
38.5,86.9,15.5,51.4,7,5,0
34.3,73.1,23.8,82.5,13,2,0
39.3,70.1,30.9,67.7,11,5,0
37.6,61.3,35.3,69.9,0,3,1
32.5,52.6,35.5,75.8,13,5,0
34.3,58.2,15.4,72.2,11,2,0
34.8,56.6,16.2,62.3,13,5,0
38.3,34.3,32.7,60.2,2,1,0
35.6,52.9,22.0,74.9,13,2,0
34.9,84.2,35.2,62.3,0,2,0
34.0,69.4,15.0,54.5,0,1,0
34.4,60.5,27.2,81.7,5,5,0
37.8,69.8,27.7,52.6,12,2,0
34.5,41.6,31.8,44.7,12,3,0
33.5,68.4,19.8,71.9,9,1,0
33.1,80.3,12.3,54.7,0,4,1
33.1,63.5,29.4,66.4,13,1,0
31.0,43.7,32.2,80.2,3,2,0
32.6,60.0,36.1,48.3,11,5,0
38.2,80.4,25.1,61.6,4,5,1
34.0,68.1,34.2,76.8,8,1,0
36.3,48.0,31.9,68.8,1,4,1
28.3,93.4,38.6,60.2,14,4,0
35.9,50.0,27.6,85.9,1,5,0
34.1,62.1,14.2,61.0,14,2,0
33.3,52.6,27.5,66.0,13,2,0
35.0,52.6,28.7,78.5,2,2,0
33.3,59.6,32.1,71.8,10,3,0
29.2,72.6,15.7,75.2,5,4,0
36.8,80.5,25.5,53.0,4,1,0
35.1,60.4,34.9,74.3,4,1,0
33.7,52.9,27.2,63.7,3,1,0
32.1,70.7,25.6,54.5,14,2,0
30.8,71.1,43.3,64.2,0,3,1
35.1,67.9,19.4,63.9,5,2,0
38.5,68.3,37.9,80.7,5,5,0
35.0,63.6,36.2,65.8,6,4,1
31.0,66.2,26.2,54.2,4,1,0
35.1,62.8,27.7,51.9,9,5,0
34.4,77.8,27.7,61.5,13,4,0
36.7,91.7,29.5,48.5,10,5,0
36.0,67.2,23.2,54.8,3,4,2
27.0,64.9,24.6,59.6,14,4,0
35.9,68.1,25.2,57.8,6,3,1
32.0,57.1,25.4,69.3,4,4,1
30.9,74.2,25.5,54.6,10,4,0
34.0,70.3,10.1,37.3,14,5,0
35.5,60.0,28.8,45.1,4,3,1
30.4,75.8,23.8,61.8,3,4,1
36.3,65.2,13.1,56.1,11,5,0
36.4,53.4,25.2,49.6,7,4,1
34.6,69.2,25.0,81.6,10,4,0
32.3,67.8,38.2,70.3,6,1,0
32.1,76.5,23.7,61.4,0,5,1
37.1,75.0,33.3,64.3,5,5,2
30.7,63.7,39.1,59.3,12,2,0
37.2,59.3,23.0,49.5,14,5,0
34.1,65.0,27.6,72.3,5,5,1
34.3,69.4,41.8,70.5,10,2,0
30.2,70.8,29.8,42.2,1,5,1
34.1,68.6,31.0,64.3,3,3,1
36.0,63.9,24.7,65.4,10,1,0
31.2,77.0,33.5,58.8,0,1,0
35.7,56.9,27.7,83.0,11,3,0
34.7,94.8,13.3,81.9,14,3,0
32.9,74.2,25.2,58.2,1,5,2
36.6,51.5,18.5,59.8,8,3,0
29.0,67.2,28.9,58.6,5,2,0
35.4,74.3,20.7,55.9,9,2,0
38.5,60.8,31.8,52.8,13,3,0
38.1,47.1,28.4,67.1,1,2,0
35.5,52.5,18.0,81.6,10,4,0
33.7,71.5,24.1,77.5,2,1,0
32.9,43.9,33.0,69.9,8,5,0
33.7,47.6,37.2,37.9,6,2,0
35.9,71.4,20.8,43.4,7,1,0
32.5,62.3,19.2,72.6,11,5,0
36.4,56.7,43.6,78.2,9,2,0
39.8,59.1,27.9,67.5,5,4,0
34.3,47.4,28.7,58.9,9,2,0
31.1,70.8,22.1,75.5,8,5,0
31.1,55.3,29.7,69.5,1,1,0
36.4,58.6,41.7,73.4,9,3,0
34.4,69.2,30.0,43.4,5,1,0
36.7,61.9,36.5,65.4,2,3,1
33.2,56.5,28.2,79.7,7,4,0
36.6,41.1,19.8,67.3,7,3,1
34.1,69.4,22.5,71.5,10,5,0
32.7,65.9,19.1,62.4,6,4,1
33.5,58.8,29.7,63.1,11,5,0
31.5,52.6,37.8,76.0,4,5,1
39.5,65.2,29.3,55.3,9,5,0
34.3,70.8,25.5,54.3,14,3,0
36.1,66.2,21.7,57.2,8,5,0
33.2,84.7,30.8,62.2,10,4,2
31.9,73.5,18.1,45.9,5,1,0
33.9,63.7,18.9,69.3,10,1,0
37.3,73.9,35.2,60.4,12,2,0
33.2,65.6,25.8,70.5,13,3,0
32.3,65.5,25.6,40.8,13,1,0
34.9,80.6,26.6,70.6,4,3,1
35.7,54.2,33.8,75.4,12,4,0
38.6,65.3,29.3,66.4,5,4,0
35.4,79.3,22.1,62.3,13,5,0
36.1,68.7,22.3,70.7,0,2,0
36.3,60.6,26.4,74.7,13,1,0
31.6,44.5,30.4,67.2,3,5,1
32.1,37.8,27.7,68.0,3,3,1
31.8,89.9,27.0,78.6,8,4,0
31.2,68.7,28.4,69.6,7,3,1
36.5,58.0,27.7,54.0,2,3,1
35.2,69.2,21.8,74.7,8,1,0
34.7,53.6,36.9,60.8,12,3,0
28.0,61.0,24.1,62.3,7,5,0
39.6,53.7,29.0,63.1,8,1,0
32.3,48.0,11.5,71.7,12,2,0
39.6,39.7,26.3,79.5,2,5,0
30.9,45.8,19.2,62.2,4,3,1
32.5,77.3,20.2,79.3,13,1,0
29.0,53.2,47.4,63.6,2,5,0
35.4,71.4,30.0,76.0,3,1,0
31.7,76.5,37.8,64.0,4,2,0
31.8,65.2,34.8,57.1,12,3,0
31.1,61.4,35.9,81.2,2,2,0
36.4,66.6,26.4,56.1,5,3,1
36.3,60.0,40.9,55.5,6,4,1
39.0,79.4,34.8,49.4,1,3,0
32.8,87.5,28.3,74.7,1,3,0
35.0,82.4,30.1,77.0,5,4,1
31.3,39.2,26.9,65.7,1,4,1
33.7,59.8,28.4,52.2,14,4,0
33.2,65.0,27.7,61.9,6,3,1
35.7,70.6,31.1,59.0,0,3,1
37.0,44.3,41.9,51.7,9,2,0
37.0,44.1,18.4,57.1,11,3,0
32.4,80.7,37.1,67.1,9,1,1
37.0,58.3,25.1,55.9,8,1,0
34.4,47.2,38.2,64.9,1,5,1
33.7,51.8,25.3,44.2,10,5,0
32.7,69.7,31.3,78.8,14,2,0
33.1,55.1,26.7,58.1,5,3,1
38.9,67.9,14.2,70.7,1,5,0
35.3,53.3,41.9,63.9,3,3,1
34.9,44.1,20.5,66.0,9,1,0
33.8,82.1,28.7,50.7,9,3,0
40.6,69.8,19.6,54.4,13,5,2
37.8,61.0,17.3,54.6,6,2,0
32.7,58.7,26.4,62.3,13,5,0
33.8,82.6,23.3,75.3,4,4,1
34.0,72.1,18.6,66.3,7,1,0
34.9,78.8,27.7,53.0,9,5,0
32.7,58.0,16.1,62.9,4,4,1
35.6,65.6,29.0,61.2,5,2,0
38.1,69.8,27.0,58.5,12,4,0
31.2,58.4,8.2,61.8,8,5,0
31.7,63.9,23.8,69.6,9,4,0
33.3,58.0,31.7,54.8,9,5,0
33.4,69.8,19.5,58.5,11,5,0
39.5,49.1,32.1,71.8,14,2,0
37.0,71.9,31.5,66.7,5,1,0
36.9,68.7,19.9,74.8,5,5,1
33.8,62.6,27.9,76.4,13,5,0
33.8,70.4,34.6,48.4,7,2,0
30.9,60.6,21.0,64.9,13,3,0
36.5,57.0,26.4,56.9,13,3,0
35.7,71.5,37.2,50.0,11,2,2
37.7,72.0,21.1,54.1,10,3,0
34.0,58.9,31.7,59.0,14,3,0
34.1,57.9,19.4,59.1,4,5,2
34.9,62.8,26.7,55.9,6,2,0
36.7,58.4,31.6,61.9,8,1,0
30.8,83.3,8.8,86.5,2,3,0
36.3,68.8,23.7,44.7,7,1,0
34.4,65.2,31.4,73.4,9,1,0
31.9,53.8,29.8,61.8,7,4,1
29.3,73.9,23.8,57.6,9,5,0
34.2,57.7,19.2,41.8,1,1,0
38.1,57.2,33.0,69.6,7,2,0
38.7,74.3,25.4,47.6,13,1,0
35.4,69.6,32.4,70.3,3,3,1
39.4,35.0,31.0,79.4,6,3,0
34.4,63.1,24.4,49.2,9,5,0
36.9,66.5,36.6,73.7,9,5,0
33.4,60.9,23.2,62.3,2,5,2
33.2,66.9,37.5,41.1,1,3,1
32.8,43.3,38.6,50.0,11,4,0
29.3,31.0,36.4,63.8,7,2,0
37.7,53.3,26.6,66.0,13,1,0
32.9,68.4,48.4,46.2,14,5,0
32.5,26.3,29.2,62.3,2,5,1
31.6,54.9,29.9,70.2,5,1,0
34.0,41.9,27.8,72.0,12,1,0
38.9,62.1,19.0,57.9,4,5,0
39.7,88.5,38.4,66.4,2,3,0
30.3,62.4,23.4,72.7,2,4,1
33.6,63.7,35.4,70.5,7,5,1
31.9,75.1,37.3,70.9,5,3,1
37.0,65.3,32.8,63.1,13,1,0
35.2,62.4,22.5,61.1,14,4,0
32.9,76.1,25.3,64.7,1,1,0
34.7,70.7,6.6,54.4,13,4,0
33.3,68.5,27.1,73.1,1,3,1
38.5,63.3,34.4,46.7,10,3,0
35.9,60.8,26.1,57.0,14,3,0
36.2,76.0,23.3,61.6,5,5,1
27.8,61.0,25.6,66.7,2,2,0
34.3,79.8,37.7,68.6,0,5,0
39.7,52.4,27.6,76.9,5,5,0
37.8,82.2,42.9,62.8,14,5,0
29.9,70.7,23.4,54.8,6,5,0
33.7,53.4,29.7,60.5,6,4,1
31.5,71.1,24.5,58.8,0,5,1
38.8,57.2,44.6,67.2,9,4,0
35.1,65.4,29.4,51.3,2,1,0
32.6,59.2,45.0,60.2,10,1,0
34.6,63.4,24.6,78.2,12,4,0
28.0,76.3,40.2,63.8,11,3,0
31.8,71.2,28.9,51.5,7,5,1
34.6,51.5,34.7,58.6,9,3,0
36.6,52.2,18.2,39.7,5,2,0
29.6,68.2,30.8,61.4,10,5,0
33.5,69.1,19.4,78.5,10,3,0
37.0,56.9,30.1,50.1,2,5,1
30.9,84.1,15.9,47.4,4,1,0
35.1,74.8,27.2,55.5,11,1,0
34.7,57.5,36.8,71.2,6,1,0
38.8,56.3,32.4,79.0,3,5,0
33.9,62.3,18.1,66.5,14,1,0
34.1,61.0,12.8,49.1,13,4,0
36.6,80.1,32.0,61.8,11,4,0
31.2,76.8,40.6,79.9,6,5,0
33.9,65.4,20.3,58.9,8,4,0
33.4,73.1,44.8,63.4,14,1,0
34.2,74.9,27.9,64.4,7,1,0
36.6,65.7,12.3,46.5,12,1,0
35.9,69.8,15.5,72.0,12,3,0
32.6,72.1,34.2,70.5,12,3,0
34.8,70.9,29.0,42.1,9,1,0
38.2,55.7,39.9,48.7,5,1,0
32.4,56.9,18.4,52.3,5,2,0
34.9,61.5,28.9,69.5,12,3,0
34.0,56.5,28.1,54.5,6,5,1
34.3,47.3,26.9,66.0,3,5,1
30.4,73.1,24.9,60.2,2,3,1
38.0,69.2,25.1,62.7,9,2,0
32.6,48.9,29.4,67.0,14,4,0
37.1,62.1,30.4,64.7,5,5,1
32.9,62.8,30.0,61.8,9,2,1
32.9,67.2,37.6,65.3,4,3,1
37.5,52.0,18.4,64.2,5,1,0
37.0,48.8,13.5,59.9,6,1,0
35.0,71.2,36.1,57.7,5,5,1
36.4,46.6,20.5,80.8,12,2,1
33.8,62.2,25.0,57.6,13,1,0
34.5,61.1,23.1,75.7,4,2,0
32.8,63.5,22.9,55.1,5,2,0
36.8,68.0,16.3,70.1,0,2,0
32.8,84.2,23.4,79.8,11,4,0
38.2,45.8,33.2,58.6,10,3,1
33.7,75.5,28.0,55.3,12,3,1
34.6,34.9,32.0,57.7,8,5,0
36.4,81.7,24.0,61.8,13,5,0
34.6,40.5,35.2,65.2,2,2,0
33.8,94.2,23.9,61.6,5,5,0
34.4,60.3,11.1,57.8,6,4,0
36.7,80.5,30.5,81.5,11,1,0
32.8,78.0,34.1,60.0,3,2,0
34.2,59.8,23.5,55.8,4,2,0
34.5,60.7,37.6,70.3,1,4,1
36.7,55.0,21.2,70.5,14,4,0
34.3,74.4,33.4,76.1,6,4,1
39.0,59.9,42.0,81.3,0,1,0
34.1,55.2,28.3,65.5,3,3,1
33.9,71.4,26.2,59.1,8,3,0
34.1,54.2,27.2,43.0,7,4,1
31.2,61.1,41.0,52.6,7,2,0
31.9,66.3,31.2,64.1,0,1,0
33.2,57.3,45.2,50.2,13,5,0
37.3,59.1,30.2,46.1,12,3,0
34.4,83.4,22.8,62.7,3,5,1
33.3,62.5,23.3,69.8,5,3,1
37.6,60.7,28.5,59.5,1,2,0
38.4,62.9,11.7,71.0,1,3,0
37.6,70.5,24.2,68.2,12,1,0
32.4,52.6,24.4,73.5,1,3,1
33.3,70.1,29.9,83.7,5,5,0
39.0,68.1,43.5,88.1,14,2,0
35.1,43.5,28.4,69.3,4,1,0
33.8,86.5,12.6,57.4,10,1,0
36.3,82.5,20.7,62.6,1,1,0
37.0,55.4,30.1,77.7,13,2,0
33.1,51.5,28.7,53.1,13,2,0
35.0,67.7,41.0,76.5,13,4,0
36.8,47.9,35.7,60.3,9,2,0
31.6,81.4,35.4,64.3,14,2,0
34.5,59.4,26.3,53.9,10,1,0
31.7,84.5,36.8,48.8,5,3,2
32.0,55.1,20.8,59.2,13,2,0
33.1,63.7,35.7,75.0,4,4,1
35.7,80.2,25.7,55.0,12,1,0
33.7,61.1,16.4,78.1,13,4,0
32.9,68.3,32.7,56.3,6,5,1
34.6,78.1,39.2,51.3,3,4,1
31.6,58.3,24.7,64.5,2,2,0
35.6,49.9,40.5,68.8,8,4,0
37.3,47.5,14.8,63.9,10,5,0
34.3,72.0,18.4,63.5,8,3,0
34.0,69.7,26.8,78.0,9,4,0
35.4,77.7,25.0,62.9,0,5,0
29.4,61.7,22.7,57.3,0,3,0
35.8,47.8,29.1,50.7,3,1,0
42.3,36.8,23.8,74.7,13,5,0
34.2,99.4,25.1,57.7,7,2,0
34.2,71.3,30.2,58.7,5,2,0
36.4,66.6,22.7,72.5,9,4,0
38.6,68.3,27.2,82.5,6,1,0
36.9,47.8,22.8,64.5,2,2,0
29.1,55.5,18.4,60.6,7,3,0
35.9,85.9,34.1,61.9,10,4,0
40.9,72.9,41.7,57.4,13,1,0
36.1,55.8,36.5,58.4,5,5,1
31.6,50.3,30.7,58.5,2,2,0
35.2,58.8,22.9,71.1,12,5,0
31.3,61.2,25.7,61.1,5,5,1
37.6,89.6,36.5,75.6,2,4,0
32.1,62.7,9.7,60.8,7,5,0
34.7,50.7,25.1,58.3,0,1,0
32.4,64.3,33.9,74.8,14,3,0
33.1,68.2,18.9,62.2,11,1,0
38.2,49.6,31.4,60.7,6,3,0
34.8,69.8,31.0,62.3,8,3,0
33.1,79.5,16.4,76.7,5,3,1
31.6,66.7,28.7,65.1,7,1,0
29.8,55.4,23.1,74.5,14,1,0
31.4,58.7,31.3,59.7,10,5,0
34.8,45.1,33.4,72.9,9,2,0
37.0,63.4,31.2,64.4,14,3,0
33.1,68.7,28.6,70.8,2,3,1
38.4,54.2,30.3,71.7,13,1,0
32.7,88.3,18.6,52.6,2,2,0
33.9,74.5,27.8,62.7,3,4,2
31.8,43.5,21.6,71.6,9,2,0
37.0,43.7,36.3,73.2,2,4,1
39.7,53.2,33.5,74.5,7,4,0
30.1,83.9,33.4,63.0,5,5,1
33.6,75.7,41.7,77.4,0,3,1
37.7,84.5,25.4,55.4,2,5,1
30.9,65.1,23.6,47.1,6,2,0
35.9,62.5,25.2,59.2,1,4,2
37.6,50.0,15.2,74.0,14,5,0
34.7,69.2,15.8,51.1,6,5,1
35.9,62.6,33.0,47.3,11,4,0
38.9,62.2,16.8,44.8,3,3,0
39.4,84.4,19.4,69.4,8,3,0
34.3,63.5,27.2,47.5,1,3,1
33.2,81.0,24.7,67.5,2,2,0
32.2,45.9,35.1,58.7,10,2,0
36.9,97.3,28.5,54.3,5,4,0
31.1,60.5,21.6,52.0,14,4,0
33.9,73.5,35.8,64.1,14,4,0
34.8,75.4,33.8,54.5,1,4,2
33.2,59.0,16.7,62.0,9,3,0
35.2,74.8,30.0,66.0,11,3,0
40.9,75.5,22.3,68.1,4,4,0
34.2,56.4,22.1,71.3,12,2,0
33.4,56.6,43.0,63.6,11,1,0
37.0,65.5,29.0,51.5,4,4,0
35.1,63.6,26.3,66.7,1,2,0
38.1,81.7,28.7,68.6,6,4,0
34.9,73.4,35.0,60.2,5,5,1
33.9,64.2,22.4,59.1,7,2,0
30.0,72.3,23.8,86.8,3,1,0
30.5,40.4,33.3,49.1,4,1,0
29.9,57.6,15.9,66.9,13,3,0
35.4,68.5,35.9,72.5,12,5,0
31.1,78.4,15.2,58.6,11,5,0
37.6,67.4,26.0,60.3,5,5,1
34.6,82.5,15.2,58.0,7,1,0
33.9,75.4,19.5,62.0,4,1,0
32.4,59.1,38.4,71.0,6,5,1
36.1,63.3,36.4,60.0,7,4,1
32.5,69.9,37.2,93.1,12,5,2
32.0,59.6,16.4,57.5,11,5,0
37.5,83.4,19.6,75.8,2,4,1
35.4,51.7,30.7,67.4,14,3,0
33.9,68.8,33.7,63.1,1,4,0
36.1,73.8,21.6,76.7,0,4,1
34.5,61.2,23.4,46.0,12,5,0
35.5,58.5,18.9,66.3,4,5,2
32.5,64.1,41.3,54.8,12,1,0
39.7,74.7,24.2,57.6,1,5,0
33.1,59.0,28.3,57.2,3,4,2
38.4,52.2,28.7,52.4,12,4,0
34.0,78.8,36.8,45.5,2,2,0
36.5,69.8,20.4,65.9,7,3,1
36.3,77.1,37.3,61.3,10,5,0
37.4,74.1,17.8,59.0,5,1,0
32.4,91.2,37.3,69.6,2,3,0
37.2,78.4,14.3,66.5,12,5,0
39.1,56.3,27.2,59.3,9,4,0
33.9,70.6,41.0,92.5,13,1,1
34.6,58.3,33.6,72.2,10,1,0
33.2,59.6,31.4,86.4,11,3,0
33.6,48.0,19.6,57.9,9,2,0
38.8,61.6,22.1,64.5,10,5,0
32.0,71.5,38.8,49.6,6,5,1
32.1,64.2,31.8,58.7,13,5,0
38.5,51.8,35.1,56.2,12,2,0
36.1,46.7,28.6,92.0,3,2,0
39.8,90.3,25.7,55.1,13,3,0
33.4,68.9,34.1,59.7,3,1,0
34.8,55.1,30.1,47.5,10,4,0
32.8,70.5,26.6,67.3,13,5,0
34.9,91.3,16.7,53.0,6,1,0
30.1,72.4,35.6,71.2,2,1,0
36.2,31.6,31.5,44.1,14,2,0
35.3,96.8,23.1,60.8,11,5,0
34.4,42.8,37.4,43.5,6,2,0
33.5,62.5,30.0,57.1,14,4,0
32.3,51.4,30.1,59.1,1,5,2
36.3,56.1,35.1,56.0,7,3,1
31.6,68.4,33.3,57.0,2,1,0
35.8,40.1,30.3,71.7,2,5,0
39.7,63.9,26.5,83.7,5,2,0
38.2,78.8,43.9,65.4,8,3,0
30.7,54.9,22.1,53.4,2,5,1
33.2,48.3,34.0,62.6,7,5,1
35.6,63.3,27.3,58.5,11,5,0
34.3,60.9,31.6,70.9,2,2,0
31.0,57.9,37.9,64.9,0,4,1
35.5,50.7,25.5,46.2,11,2,0
34.5,71.2,32.8,73.0,6,3,1
39.3,72.1,30.1,71.7,2,2,0
33.9,52.2,22.9,77.0,13,5,0
37.4,53.9,38.1,56.8,6,4,1
31.3,66.6,33.7,65.0,1,5,1
31.9,53.4,24.5,50.2,4,2,0
36.3,67.1,36.8,61.5,8,5,0
37.2,82.6,21.3,66.0,4,2,0
32.1,64.3,27.8,55.6,14,4,0
34.6,50.4,24.6,65.4,9,1,0
31.0,69.7,34.0,63.7,1,4,1
34.0,62.9,24.2,57.5,5,4,1
36.6,63.2,34.1,76.0,5,4,1
33.4,70.7,32.8,59.7,2,2,0
33.9,73.3,25.0,63.3,0,5,2
31.7,65.4,42.6,47.3,1,1,0
32.9,64.3,22.0,67.2,10,4,0
38.9,89.8,16.7,57.2,3,3,0
34.7,79.4,34.8,71.6,6,1,0
32.0,75.0,10.8,48.9,2,5,0
33.7,66.6,39.9,66.3,14,4,0
30.5,52.9,28.8,40.2,14,1,1
32.0,78.5,16.6,68.2,10,2,0
37.9,66.7,20.4,60.3,4,4,1
34.1,58.1,14.9,66.0,9,1,0
39.2,62.1,31.1,56.0,5,3,0
34.3,53.4,17.4,52.5,13,1,0
34.4,77.7,32.0,57.7,9,1,0
36.1,73.2,25.6,63.9,1,2,0
27.8,67.2,24.2,67.8,1,4,0
35.0,64.5,32.1,65.0,11,3,0
34.4,56.8,33.0,52.6,10,2,0
38.2,39.4,37.2,80.4,10,2,0
36.9,48.0,22.9,65.3,4,5,1
31.7,56.1,27.8,55.8,10,4,0
37.6,54.3,22.9,66.2,4,5,1
33.8,68.5,29.3,64.6,9,5,0
32.2,74.7,21.8,60.2,4,4,2
35.0,63.5,24.6,59.1,1,1,0
34.0,81.9,24.6,71.8,12,5,0
38.3,55.6,30.3,79.3,12,1,0
35.4,63.4,28.0,41.6,11,4,0
35.0,64.4,32.1,74.3,9,2,0
36.8,78.1,27.1,62.2,9,4,0
37.2,66.3,23.4,64.4,11,5,0
36.5,66.6,29.5,75.5,8,4,0
38.0,45.1,20.7,35.5,13,2,0
36.0,54.2,32.6,70.1,11,4,0
34.9,78.2,25.7,74.8,8,1,0
37.6,40.1,29.6,55.1,8,5,0
34.3,81.1,29.8,48.1,14,1,0
34.6,71.0,40.8,78.4,7,5,0
38.8,56.0,31.1,44.4,1,1,0
38.6,55.0,28.6,66.2,12,2,0
34.5,87.8,22.5,72.2,0,4,0
33.4,81.9,34.4,66.0,3,5,1
38.2,63.6,25.8,67.6,4,4,0
36.5,66.6,15.8,59.3,0,2,0
35.3,57.2,26.4,66.6,3,2,0
33.7,66.6,29.5,54.9,2,4,2
35.3,56.9,21.5,56.2,8,3,0
34.4,64.1,27.1,62.4,13,2,0
32.8,86.7,27.4,46.6,4,4,0
34.8,63.9,27.6,67.8,5,3,1
35.2,52.4,37.9,37.2,10,5,0
33.6,48.6,17.5,65.6,10,1,0
36.8,66.5,44.3,66.6,14,4,0
37.7,55.9,27.7,54.1,7,4,1
36.9,68.0,32.6,49.7,11,5,0
33.8,45.6,29.0,57.9,12,4,0
36.4,73.3,14.2,68.4,6,5,1
34.7,52.3,19.5,65.5,12,2,0
31.4,65.6,23.8,50.9,14,2,0
36.2,60.9,35.9,63.1,1,5,2
34.9,85.6,16.9,64.6,11,1,0
41.0,67.1,21.2,64.2,9,5,0
38.1,88.3,29.3,52.1,12,4,0
36.3,71.7,31.8,63.6,8,3,0
35.1,82.1,31.5,71.2,3,1,0
34.9,62.5,20.1,67.4,6,4,1
32.0,69.1,15.2,66.1,10,3,0
30.2,79.6,32.3,78.4,13,1,0
32.3,75.9,39.5,63.7,1,4,1
34.4,71.4,25.2,53.6,2,5,2
29.2,61.1,18.8,53.6,3,3,0
33.1,63.1,24.6,63.8,8,1,0
33.9,78.7,31.2,47.6,0,2,0
34.0,81.2,26.1,58.9,14,3,0
32.8,57.9,39.3,66.6,10,3,0
33.6,56.1,35.4,73.7,13,3,2
38.8,54.2,29.5,46.6,0,2,1
36.2,75.0,12.4,63.0,4,4,1
33.1,53.8,22.5,61.3,6,1,0
34.3,74.8,23.6,62.4,11,5,0
34.4,71.5,22.0,63.4,9,3,0
32.6,58.5,29.5,61.7,6,5,1
32.6,83.8,29.7,75.9,4,1,0
37.0,47.5,14.6,74.4,4,4,1
33.5,84.9,34.4,83.4,5,5,0
31.8,68.8,28.1,61.9,10,5,0
34.4,40.1,30.9,57.9,13,3,0
34.8,84.1,34.0,52.3,7,2,0
29.6,76.7,21.9,56.8,13,5,0
34.4,59.9,38.1,69.1,4,4,2
36.7,53.4,26.9,70.7,12,5,0
35.6,46.2,40.1,68.8,0,2,0
40.1,94.0,20.8,55.4,11,3,0
37.6,53.9,39.5,55.4,14,2,0
38.1,49.8,20.8,81.6,4,3,2
41.5,68.2,48.4,53.7,10,5,0
36.4,45.3,20.4,76.2,1,5,1
34.9,53.2,36.5,66.0,12,3,0
36.9,76.9,25.1,54.7,7,1,0
33.1,70.6,33.7,50.2,6,3,1
34.8,60.4,27.7,55.1,13,3,0
32.9,65.2,19.3,66.2,13,4,0
35.5,59.7,5.6,52.9,3,2,2
32.9,64.3,48.1,77.5,14,3,0
32.8,55.9,28.6,59.9,3,4,2
35.5,58.0,4.5,69.0,12,3,0
34.2,57.7,30.4,68.2,11,5,0
29.7,56.3,33.5,78.2,7,2,0
30.9,77.5,22.3,57.6,8,4,0
31.6,74.2,22.3,63.1,5,3,1
32.3,53.8,27.8,48.0,6,3,1
35.5,50.7,37.6,63.0,7,3,1
35.0,63.1,28.8,73.4,12,3,0
37.2,90.9,39.7,64.2,7,3,0
36.4,52.7,37.0,85.1,8,3,0
37.2,63.1,26.2,67.2,10,5,0
36.0,66.1,15.4,56.6,13,4,0
35.0,63.7,26.2,66.6,12,3,0
37.2,59.5,32.2,47.4,5,5,1
36.8,78.9,28.5,54.0,12,2,0
35.4,70.5,33.1,49.8,6,2,0
37.7,75.1,34.9,62.2,1,1,0
28.6,72.1,32.2,61.4,1,2,0
33.8,75.7,25.8,74.1,3,1,0
33.7,84.0,32.2,61.0,5,1,0
37.4,81.0,45.9,52.0,6,4,1
38.4,92.9,16.1,77.6,2,4,0
30.9,79.6,31.9,32.6,2,4,1
38.0,57.0,42.7,62.4,0,5,0
31.6,75.2,18.6,64.2,13,5,0
31.6,73.5,36.0,61.9,3,2,2
33.9,88.0,37.1,67.0,9,1,0
33.7,53.4,16.2,63.1,7,3,1
30.6,71.7,33.7,67.0,5,5,1
36.1,56.8,25.8,56.0,3,5,2
36.2,71.2,27.5,47.4,0,2,0
37.1,62.4,25.4,61.5,1,1,0
33.4,70.8,38.5,51.7,10,4,0
34.4,48.1,27.1,54.7,6,5,1
34.4,74.5,24.3,73.6,14,5,0
38.7,67.5,24.4,77.6,2,5,1
27.4,66.8,25.3,73.4,13,2,0
32.1,88.4,19.4,71.6,1,4,0
34.5,60.4,24.2,62.6,10,4,0
31.8,69.1,28.9,72.2,14,2,0
33.9,66.2,31.2,65.6,2,1,0
34.2,67.4,37.6,81.5,7,4,2
32.9,91.7,29.9,52.8,13,2,0
34.7,65.8,24.2,68.7,12,2,0
36.1,58.2,19.9,49.4,3,1,0
33.9,87.5,30.4,68.8,2,1,0
33.4,61.3,27.1,44.8,5,1,0
34.1,45.7,27.3,49.9,6,1,0
34.5,56.1,30.1,49.2,4,5,2
30.1,50.0,32.2,64.5,1,1,0
35.7,43.4,30.2,65.5,7,2,0
33.4,60.6,26.6,86.5,6,5,0
37.7,64.2,21.6,61.1,4,1,0
36.0,79.2,23.1,69.7,12,4,0
37.4,72.6,34.8,63.6,4,2,0
32.0,72.0,24.6,68.9,13,2,0
33.6,54.3,17.2,63.4,0,3,1
31.4,75.6,37.3,73.0,7,3,2
32.7,81.7,20.5,51.5,14,4,0
37.6,69.7,28.3,37.5,4,4,1
38.2,70.1,31.9,66.2,9,1,0
31.6,49.8,28.0,43.9,11,1,0
33.4,77.7,8.2,75.1,5,4,0
34.3,86.4,31.1,56.5,9,2,0
36.0,68.9,38.6,51.6,9,1,0
30.1,57.9,34.3,89.0,7,3,0
30.5,63.1,11.0,61.8,5,2,0
35.7,60.0,45.0,59.9,7,5,1
29.6,60.7,17.4,69.5,2,5,0
33.4,72.8,19.4,70.2,7,1,0
34.9,68.4,34.3,73.4,4,4,1
35.5,77.0,31.6,48.7,5,5,1
34.1,69.5,28.6,67.4,3,4,2
33.6,54.6,23.4,59.1,7,4,1
36.6,59.0,38.6,52.8,0,3,1
35.2,58.2,27.7,62.5,0,3,1
32.9,62.8,15.5,43.9,3,1,0
34.6,86.5,37.9,71.2,8,1,0
35.5,88.5,29.8,59.1,3,4,0
38.8,75.0,36.9,57.2,7,3,0
36.5,66.4,32.6,60.6,2,1,0
37.5,48.7,47.1,60.3,6,2,1
33.0,67.6,25.5,73.4,6,4,1
33.2,55.5,28.1,51.0,4,1,0
33.9,84.6,33.8,58.2,0,2,0
34.1,45.7,25.6,59.8,9,5,0
32.0,69.6,34.4,51.3,3,3,1
37.7,54.5,4.4,63.6,7,3,0
36.7,64.9,27.4,54.8,10,1,0
33.7,73.0,27.2,48.0,1,1,0
36.1,77.3,26.9,67.3,10,4,0
35.1,64.3,21.0,77.5,5,2,0
36.3,74.1,35.2,62.5,7,2,0
31.1,57.1,24.0,61.0,1,1,0
34.1,67.9,29.6,60.8,7,4,1
34.4,77.0,27.7,56.8,5,5,1
36.1,69.0,32.0,73.7,2,2,0
32.9,58.6,39.4,62.9,7,2,0
28.3,61.7,29.6,40.2,9,4,0
31.8,77.2,34.7,74.0,5,3,1
34.3,51.9,29.2,71.5,9,4,0
34.7,53.7,24.0,68.0,5,4,1
38.7,72.2,26.9,34.4,12,4,0
36.0,59.7,25.7,62.0,4,1,0
34.7,47.6,32.5,70.9,11,3,0
34.4,81.2,28.9,65.8,5,3,1
37.3,51.8,21.6,64.1,8,5,0
33.0,62.6,26.2,71.0,1,4,1
34.1,57.6,15.8,63.4,1,4,1
31.8,61.4,26.5,74.0,14,5,0
38.0,54.4,28.0,63.6,0,4,0
35.5,73.6,42.5,62.8,8,4,0
32.7,66.3,38.8,70.9,6,3,1
34.2,76.8,19.7,58.0,9,1,0
35.8,57.7,29.6,51.0,0,4,2
33.9,90.6,29.8,62.0,2,2,0
33.2,42.1,26.2,67.9,5,1,0
32.9,46.0,26.7,71.3,13,2,0
35.3,86.0,25.2,71.3,5,2,0
33.6,70.7,43.0,61.3,8,2,0
33.4,69.1,24.7,60.3,8,2,0
31.2,70.2,30.7,56.1,6,5,1
34.7,71.9,7.8,64.5,12,5,0
34.0,68.6,34.6,45.6,10,1,0
33.7,53.4,37.5,62.2,6,3,1
35.0,74.8,19.6,90.5,4,2,0
36.4,72.9,23.9,47.0,4,5,1
36.3,82.1,31.6,63.6,14,3,0
35.9,86.2,28.2,65.8,1,4,0
33.9,69.0,31.7,67.1,2,1,0
33.1,50.3,25.7,52.3,3,4,2
31.9,86.3,42.9,67.2,12,3,1
33.0,52.8,22.6,56.7,10,5,0
34.5,69.1,49.5,47.7,14,1,0
32.5,61.9,37.9,71.5,10,2,0
34.7,59.8,34.7,68.6,7,5,1
32.1,74.2,19.7,52.3,0,2,0
30.3,67.9,35.3,56.6,13,2,0
36.5,71.2,32.8,56.2,10,2,0
33.3,55.2,11.0,45.6,1,3,2
32.4,62.9,16.8,69.6,14,1,0
31.8,55.8,30.9,70.0,9,4,0
35.6,62.6,26.9,58.7,9,5,0
37.9,63.6,23.9,61.7,5,2,0
33.5,87.1,36.6,63.1,4,1,0
34.0,61.9,20.9,64.4,5,2,0
37.2,39.5,24.4,48.5,0,4,1
30.0,81.7,22.8,66.9,6,3,0
39.4,70.4,32.1,50.2,0,4,0
40.6,63.4,14.2,68.8,8,5,0
27.7,59.8,24.0,51.4,3,5,0
34.3,53.6,14.2,49.0,9,3,0
32.7,88.3,25.5,61.7,5,4,0
33.8,65.6,33.8,61.5,4,3,1
33.5,44.1,33.9,63.0,2,1,0
36.5,68.9,22.2,53.1,5,3,1
34.2,79.5,32.3,64.0,1,5,1
32.2,66.9,26.5,65.0,3,3,1
34.1,54.2,38.9,73.7,6,3,1
35.8,53.1,27.0,63.9,9,4,0
31.5,54.0,4.2,56.0,6,5,0
30.4,83.3,35.2,48.5,1,1,0
39.5,64.1,24.3,46.7,10,1,0
32.9,44.9,25.8,65.2,6,3,1
34.2,69.6,30.7,69.9,9,1,0
33.5,66.7,16.6,53.1,14,5,0
35.9,59.6,28.6,64.6,0,4,2
38.9,52.8,32.3,60.3,14,4,0
35.9,52.2,30.9,69.2,14,3,0
30.7,78.0,23.2,70.7,7,3,1
31.0,68.0,35.9,39.3,0,1,0
33.5,70.7,20.0,72.3,3,4,1
33.8,67.9,23.0,64.5,3,3,1
30.2,68.9,26.9,56.7,8,2,0
36.5,59.4,30.4,57.0,10,3,0
31.8,62.5,25.4,62.3,7,3,1
38.2,79.0,37.8,57.0,5,5,0
39.1,82.0,30.4,52.6,0,1,0
33.9,50.3,28.6,54.9,14,1,0
35.6,62.5,30.1,51.6,14,1,0
31.4,75.1,33.9,75.5,0,4,1
36.1,87.6,29.9,62.6,4,1,0
33.3,86.4,13.5,84.5,14,4,0
31.8,55.5,36.7,65.7,5,4,1
33.8,80.3,29.0,67.9,9,4,0
33.3,65.7,33.5,51.4,7,3,1
33.7,77.5,24.8,59.8,9,3,0
36.9,74.5,13.4,62.7,13,5,0
32.5,49.8,9.8,55.6,5,5,0
38.8,71.6,20.4,57.4,11,1,0
31.2,77.1,32.1,66.2,6,2,0
38.5,64.8,38.4,66.4,3,2,0
32.0,62.0,30.4,48.6,1,3,1
34.5,46.1,19.6,64.8,10,4,0
33.3,73.2,21.7,67.5,9,2,0
33.6,67.5,38.9,56.1,13,1,0
36.5,53.9,17.5,55.1,3,2,0
38.2,61.1,44.8,66.4,10,3,0
37.5,66.9,43.0,36.3,0,4,1
33.5,58.3,45.1,62.0,2,1,0
35.0,65.0,31.0,78.3,8,4,0
32.5,44.0,25.3,36.0,8,1,0
32.0,81.2,30.9,70.2,8,2,0
31.6,65.2,35.3,67.4,12,3,0
33.4,51.8,22.8,47.6,12,1,0
35.1,35.5,19.2,67.2,2,3,1
29.7,77.3,25.7,72.0,3,1,0
34.4,71.7,21.8,50.2,8,2,0
38.3,67.5,37.9,54.9,14,3,0
37.3,75.4,23.1,62.3,10,2,0
33.0,75.3,28.8,71.8,2,3,1
31.0,67.3,35.9,56.6,9,2,0
35.6,61.9,38.2,61.6,5,3,1
28.7,60.0,29.7,55.4,1,1,0
37.3,70.1,31.1,62.2,10,1,0
34.0,81.8,19.9,72.5,4,5,1
39.1,63.8,36.2,63.1,11,2,0
30.2,82.7,38.1,58.4,8,4,0
36.8,69.5,13.0,61.7,6,1,0
34.2,69.6,42.1,54.0,3,1,0
33.7,93.9,22.4,52.1,4,4,0
31.1,84.8,32.8,74.0,5,2,2
36.0,85.1,28.6,78.4,10,2,0
36.2,55.4,27.5,44.1,6,1,0
39.0,91.3,26.3,67.8,0,2,0
37.0,64.0,20.1,70.6,0,2,0
33.0,62.3,32.2,49.9,4,4,1
32.0,39.1,25.7,57.3,7,5,1
31.1,68.9,17.5,56.2,4,1,0
38.2,52.0,19.7,81.0,14,1,0
32.6,69.9,17.7,78.5,3,4,0
38.2,51.1,23.8,52.8,6,5,0
35.8,86.6,31.9,47.4,5,2,0
35.3,71.6,22.3,69.7,4,5,2
33.7,92.4,35.8,67.4,13,1,0
36.2,52.7,27.0,74.4,3,4,1
34.5,83.6,25.7,51.4,0,5,1
33.6,43.4,28.1,69.2,7,3,1
36.2,67.5,39.2,54.7,9,3,0
34.1,57.4,17.0,68.2,6,2,0
32.5,59.6,41.3,61.6,6,4,1
36.0,58.8,35.7,81.0,12,5,0
34.3,54.0,27.8,66.5,5,5,2
35.7,49.9,37.5,58.9,9,5,0
33.4,59.7,25.4,63.4,12,1,0
31.5,66.4,30.3,61.0,5,3,1
38.8,79.0,23.7,50.5,8,3,0
38.4,68.5,35.7,81.2,5,1,0
36.7,79.0,22.3,78.0,9,5,0
33.5,47.3,27.6,60.2,8,1,0
33.7,59.8,33.4,69.0,12,3,0
38.0,73.5,36.4,82.5,3,1,0
33.6,69.1,21.4,74.4,2,4,1
32.9,54.7,34.0,58.9,6,1,0
39.2,76.2,20.1,61.1,9,3,0
34.4,58.6,10.8,44.8,4,3,0
38.9,55.7,22.0,69.7,14,1,0
31.0,70.8,34.7,74.4,7,5,1
35.8,65.1,27.9,74.5,12,1,0
39.7,58.7,23.7,69.0,8,4,0
34.6,58.3,28.4,65.5,5,1,0
33.8,52.2,28.2,52.0,12,4,0
31.6,60.3,33.0,65.2,2,2,0
37.2,78.2,15.1,55.7,3,4,2
32.6,67.9,27.2,67.3,11,3,0
34.3,76.5,29.0,54.4,13,4,0
31.4,71.2,17.1,67.2,4,5,1
38.4,57.7,17.0,75.2,8,3,0
37.4,45.2,25.1,65.8,7,4,1
34.4,53.9,28.1,65.3,10,5,0
31.6,56.9,28.1,71.1,7,2,0
38.3,56.0,23.5,79.7,9,2,0
33.6,76.8,23.2,60.9,10,4,0
31.7,76.6,24.8,67.2,12,5,0
30.1,91.5,30.4,77.1,2,1,0
32.9,55.8,38.0,68.7,9,1,0
30.9,84.2,10.2,42.0,2,1,0
32.9,84.1,33.0,54.8,0,4,1
36.4,62.2,27.1,69.5,10,3,0
33.6,70.7,32.2,58.0,5,3,1
35.4,79.9,37.5,76.4,10,2,0
32.7,64.3,22.0,80.6,14,3,0
34.7,63.4,35.6,56.1,1,4,2
39.3,57.5,18.0,51.7,6,3,0
33.6,36.7,29.0,58.4,1,2,0
35.5,65.8,26.1,57.8,12,1,0
30.6,56.5,28.4,77.4,14,2,0
38.3,52.1,20.1,51.6,13,4,0
33.3,70.1,31.5,69.4,14,1,0
37.1,47.6,40.7,75.9,4,2,0
34.2,74.7,20.2,70.2,4,2,0
36.0,70.8,29.5,66.4,12,3,0
36.2,60.2,34.8,60.4,9,5,0
33.4,64.2,25.6,80.5,5,5,0
37.2,50.7,38.9,59.5,3,2,0
32.6,74.0,24.6,71.5,0,3,1
36.4,67.2,27.1,60.4,0,5,2
33.5,68.1,20.1,43.6,10,5,0
35.4,71.0,29.0,59.3,3,4,2
33.3,57.3,28.0,60.4,12,1,0
34.6,46.8,33.1,60.6,12,2,0
31.8,76.5,22.9,55.4,6,2,0
35.1,73.3,22.5,68.3,4,4,2
34.6,58.6,31.7,69.4,2,2,0
33.1,69.9,39.2,58.9,3,1,0
34.4,80.1,33.0,58.9,9,5,1
34.8,78.7,42.8,51.5,11,1,0
33.0,58.2,32.4,64.5,11,4,0
34.2,47.1,32.2,75.8,14,5,0
32.0,49.2,33.4,75.8,9,5,0
40.4,61.3,39.9,56.0,7,3,0
37.1,82.5,37.9,81.9,5,3,0
35.2,56.3,19.3,58.4,5,4,1
37.4,57.8,34.4,51.8,5,2,0
29.6,57.6,30.1,48.4,13,3,0
28.1,58.6,26.4,51.2,8,2,0
33.5,64.9,13.8,65.3,3,2,0
31.1,49.6,15.7,59.4,2,3,1
33.9,78.0,25.1,55.7,0,3,1
35.0,63.3,16.3,53.5,12,1,0
36.8,94.7,25.2,51.1,3,1,0
31.7,50.9,33.7,53.1,1,4,1
35.5,84.1,23.4,72.2,4,3,1
34.5,81.7,28.7,80.0,7,5,0
35.4,60.1,19.4,80.7,14,1,0
33.2,60.3,30.4,68.9,12,2,0
38.0,53.9,32.1,57.1,2,2,0
34.2,54.1,16.6,55.3,7,4,1
38.9,65.0,22.0,69.6,12,3,0
32.5,65.2,17.9,59.5,11,3,0
36.4,45.8,32.1,66.1,7,5,1
34.4,92.5,29.3,81.3,3,1,0
33.7,61.9,27.6,64.2,11,5,0
36.1,65.8,27.0,84.8,6,2,0
33.8,57.5,30.6,50.7,3,1,0
27.8,61.8,30.7,66.5,10,3,0
26.8,60.7,24.0,65.1,13,2,0
37.7,65.0,22.9,52.2,13,4,0
37.6,64.8,27.5,70.0,14,4,0
39.2,74.7,26.5,77.3,9,3,0
34.5,67.7,44.5,84.0,11,4,0
31.3,73.5,24.9,66.1,3,1,0
33.5,64.9,30.3,43.0,4,2,0
34.5,67.8,31.7,66.8,2,1,0
32.0,62.1,39.2,69.4,1,4,1
38.6,77.0,21.5,59.6,12,4,0
40.1,68.9,38.7,64.2,6,4,0
35.7,63.1,26.8,57.2,8,2,0
34.5,62.7,48.0,60.7,1,5,2
31.3,63.7,30.9,72.2,2,4,1
38.4,65.4,18.2,75.9,1,3,0
34.7,64.3,26.4,49.3,7,2,0
33.8,58.3,38.7,56.9,8,5,0
35.7,74.2,28.7,46.1,1,4,2
33.0,74.9,27.5,80.4,10,5,0
34.9,86.4,33.8,70.7,1,2,0
30.9,57.8,25.2,42.0,12,3,0
37.2,73.0,26.3,61.4,13,1,0
34.2,42.1,20.4,59.2,9,3,0
37.4,74.9,41.8,54.4,8,3,0
34.0,47.5,18.2,72.4,10,5,0
34.2,53.2,29.4,72.1,3,4,1
31.5,69.0,31.8,64.7,13,5,0
36.4,57.5,27.9,55.6,13,5,0
32.3,55.9,18.0,55.7,10,1,0
33.3,59.2,20.0,62.4,14,5,0
34.5,73.8,32.2,57.4,4,1,0
34.8,53.8,21.8,61.9,13,3,0
30.2,64.4,11.4,67.6,0,5,0
33.9,60.5,31.1,46.7,11,4,0
36.5,74.8,21.0,54.4,4,5,2
33.6,75.2,33.0,61.7,14,3,0
33.9,43.0,26.4,77.7,8,4,0
34.9,77.5,26.0,70.5,2,3,1
34.2,57.7,28.4,62.0,4,5,2
31.9,67.8,18.9,66.0,13,1,0
34.4,53.7,21.4,61.0,12,2,0
37.0,69.5,25.9,72.8,5,4,1
31.9,95.6,18.8,66.3,3,3,0
33.6,66.5,33.7,74.8,0,5,1
31.0,59.5,25.5,48.4,1,3,1
36.9,62.2,16.4,53.9,0,1,0
34.3,47.4,23.5,64.7,4,4,1
32.4,82.4,28.8,66.9,2,2,0
34.7,68.8,24.4,86.0,0,3,0
31.5,52.4,31.2,43.9,11,1,0
31.9,52.8,32.6,61.7,13,5,0
30.8,65.2,47.2,61.2,13,3,0
31.8,76.2,37.2,64.4,12,5,0
37.9,51.2,14.9,79.3,1,3,0
32.7,78.4,25.1,70.8,2,5,1
35.7,63.9,25.9,46.0,12,2,2
32.4,53.8,32.6,77.3,0,1,0
36.4,59.4,20.5,77.1,11,3,0
31.9,86.0,23.7,64.6,1,1,0
34.6,48.3,18.0,45.8,0,5,1
34.6,56.2,23.2,60.5,11,5,0
40.3,76.4,23.5,66.7,10,2,0
36.1,67.6,25.5,72.0,1,1,0
33.0,55.5,18.5,44.3,0,4,2
36.2,76.6,35.9,54.3,13,4,0
39.8,77.1,31.8,73.0,3,4,0
30.4,69.0,16.4,77.0,14,3,0
32.4,57.7,28.2,66.3,7,3,1
33.9,59.5,15.5,73.5,14,2,0
33.5,68.4,38.7,66.6,13,2,0
33.7,49.3,40.9,71.6,9,4,0
31.2,80.9,27.6,63.5,1,5,1
38.0,85.4,21.2,66.8,13,2,0
30.9,62.2,22.7,49.8,5,2,0
34.0,69.3,24.4,69.2,3,3,1
37.1,79.2,27.1,49.5,8,1,0
34.4,88.5,39.0,69.2,5,4,1
32.1,83.7,35.6,57.6,11,1,0
31.1,44.2,35.8,65.7,3,4,1
33.9,61.2,29.4,52.5,13,5,0
32.6,71.0,18.8,57.0,1,5,2
35.0,59.1,21.8,65.7,7,1,0
31.0,86.4,28.5,69.5,14,3,0
36.5,84.6,18.4,72.9,12,3,0
34.8,55.2,30.4,50.5,12,3,0
35.0,63.1,34.4,47.0,9,4,0
38.1,56.0,32.4,52.2,8,5,0
33.4,62.7,32.0,51.3,3,3,1
32.7,62.3,13.1,77.7,4,3,1
33.1,76.5,38.7,75.4,8,4,0
34.0,54.3,15.5,52.0,4,3,1
34.3,33.6,26.8,79.1,4,2,0
32.4,45.7,32.9,74.8,10,5,0
29.4,52.7,30.9,45.7,10,4,0
33.1,57.1,17.8,51.7,7,3,1
35.4,67.2,19.2,45.4,4,1,0
34.8,52.0,30.3,61.1,2,2,0
37.5,50.5,32.1,62.2,3,2,0
39.4,53.8,19.1,62.2,4,4,0
36.4,51.6,31.1,41.7,14,1,0
38.0,58.3,15.9,47.7,4,2,0
36.4,57.8,33.0,64.6,13,3,0
38.8,73.3,20.9,68.2,8,4,0
39.1,53.1,28.6,41.8,6,1,0
36.9,60.7,27.3,49.2,4,4,2
36.3,58.5,37.3,72.2,11,3,0
34.0,74.7,29.9,49.8,12,4,1
34.4,63.1,23.2,61.9,14,1,0
33.7,77.6,30.9,48.8,12,3,0
36.1,51.2,45.1,70.3,1,3,1
32.7,64.4,33.9,41.8,13,2,0
34.0,58.1,27.5,59.0,9,1,0
28.6,50.3,21.3,71.4,7,2,0
38.8,64.2,23.1,68.1,3,3,0
33.9,85.8,33.4,57.4,7,1,0
35.6,54.8,20.9,55.0,12,5,0
38.1,63.5,28.0,59.7,8,4,1
35.3,49.3,39.5,49.1,1,2,0
38.1,47.5,29.2,61.0,11,1,1
31.4,55.6,19.4,61.2,11,4,0
40.5,59.6,45.4,57.8,10,1,0
37.2,60.1,42.1,72.0,3,3,1
35.0,62.3,32.0,51.3,4,2,0
38.1,45.2,38.2,45.0,6,2,0
31.6,57.5,25.9,56.7,13,4,0
33.8,71.0,33.8,63.2,12,2,2
38.1,48.7,24.6,60.9,1,2,0
29.8,60.7,17.2,60.5,1,2,0
35.9,68.5,48.7,50.7,0,1,0
35.8,55.6,16.7,52.2,13,4,0
39.4,69.1,30.4,57.1,12,3,1
30.5,46.7,30.3,56.3,3,2,0
38.5,75.7,32.1,73.0,13,2,0
33.1,69.4,27.3,64.6,7,5,1
33.4,65.7,27.4,56.7,4,3,0
31.4,78.5,29.1,73.0,11,4,0
31.8,61.0,31.8,66.5,1,5,1
35.5,57.6,28.0,48.4,1,3,1
31.7,81.5,27.5,29.6,3,2,0
36.4,87.1,17.4,48.7,9,5,0
32.8,56.7,44.1,67.9,12,3,0
31.5,63.6,32.3,70.9,7,2,0
33.2,77.5,29.7,45.4,6,5,1
35.3,64.1,23.0,68.6,8,4,0
33.8,72.1,20.0,68.2,0,3,1
34.6,74.4,34.9,76.0,9,2,0
36.2,58.3,26.7,71.5,12,4,0
37.2,70.0,33.0,75.5,6,3,1
33.7,64.9,17.2,66.9,9,2,0
31.9,50.4,40.4,66.5,4,1,0
34.7,53.1,35.2,58.6,14,5,0
35.7,57.2,27.4,70.2,2,5,1
30.8,76.1,31.7,48.7,2,5,1
32.3,76.5,33.9,60.6,14,2,0
32.7,74.0,17.3,67.4,7,4,1
34.0,70.3,41.4,76.1,6,3,1
32.6,70.0,31.9,57.2,12,2,0
36.3,68.3,22.4,71.7,4,5,1
30.5,69.9,19.2,60.0,4,2,0
30.6,70.7,35.9,71.9,0,1,0
33.7,48.1,29.7,54.0,7,1,0
34.1,55.5,31.9,69.3,11,5,0
30.9,52.7,28.2,61.0,14,1,0
33.0,78.3,20.0,50.1,7,3,1
33.5,84.8,32.1,60.5,1,3,1
33.5,39.0,26.4,75.2,2,4,1
34.9,83.8,27.8,51.8,4,5,0
32.8,66.0,47.0,47.2,13,3,0
38.2,77.2,35.0,66.0,8,4,0
35.7,71.1,35.4,45.2,14,5,0
32.5,82.3,49.8,77.6,12,5,0
34.7,67.5,31.1,77.4,13,5,0
34.8,48.6,29.0,72.4,4,4,1
37.5,63.7,22.6,61.9,8,2,0
33.0,71.2,24.4,78.6,0,3,0
36.4,62.4,11.6,75.5,5,4,0
34.6,72.9,34.3,56.7,4,2,0
38.2,64.2,17.9,76.4,2,5,0
37.7,57.9,35.2,52.9,0,3,1
35.0,52.0,27.7,60.0,5,4,1
33.8,60.3,29.0,44.1,1,3,1
35.8,67.5,27.7,63.5,9,5,1
34.0,41.5,39.1,59.1,4,4,1
38.7,55.6,37.7,57.5,3,4,0
34.7,41.0,27.8,60.3,1,4,1
33.5,57.6,20.8,56.2,6,2,0
33.4,79.4,35.4,62.4,2,2,0
31.5,50.8,20.2,74.8,8,5,0
35.9,73.4,15.6,51.4,14,3,0
32.4,99.2,32.0,70.6,10,4,0
37.2,82.4,37.7,64.2,1,3,1
31.3,66.6,24.8,65.7,1,1,0
34.8,75.3,31.2,61.7,13,3,0
37.4,48.6,24.7,54.8,13,1,0
29.1,46.1,33.8,66.4,5,1,0
39.5,65.3,36.8,67.2,6,2,2
33.4,69.8,25.9,54.0,5,2,0
34.9,78.1,19.8,48.6,8,4,0
35.9,58.2,16.3,62.9,3,2,0
36.3,67.3,35.4,69.5,14,4,0
35.2,66.9,18.9,72.1,6,2,1
37.0,63.4,31.0,74.0,2,5,1
35.8,64.1,34.2,65.7,4,3,1
38.9,54.7,24.0,59.4,13,1,0
35.8,68.4,26.7,62.0,4,1,0
39.4,67.3,36.0,49.6,12,1,0
36.8,59.7,21.5,55.2,11,3,0
30.0,73.0,20.7,61.5,14,2,0
41.0,77.3,26.1,59.3,2,1,0
33.1,73.1,38.2,62.9,5,4,1
38.2,52.5,40.9,48.3,12,5,0
34.6,66.2,27.2,50.5,1,5,2
37.2,54.1,22.3,69.8,0,1,1
32.8,66.2,36.5,53.7,0,5,1
36.1,54.1,14.6,55.2,1,3,1
33.9,80.3,30.0,63.0,11,2,0
38.4,74.4,27.6,52.7,5,1,0
35.6,78.8,38.4,73.1,2,4,1
36.8,77.6,39.2,49.4,10,2,2
29.1,61.8,20.5,62.0,4,4,0
34.3,59.9,29.3,54.5,2,3,1
35.5,85.9,23.4,63.6,14,5,0
35.1,63.0,25.7,57.0,8,4,0
36.9,48.7,32.9,61.8,6,4,1
33.6,77.1,25.3,74.2,13,3,0
34.6,66.7,29.6,55.1,3,3,1
37.5,83.1,35.7,55.0,8,1,0
28.8,67.9,40.1,58.8,11,4,0
36.0,64.8,30.3,76.7,0,4,1
33.7,83.3,28.9,61.1,4,2,0
32.2,46.5,19.1,74.3,1,1,0
35.3,58.0,40.7,60.2,7,4,1
37.6,54.4,32.0,73.9,10,4,0
37.1,38.7,29.1,66.1,2,4,1
34.2,75.5,28.7,67.5,2,1,0
36.7,58.3,30.9,47.6,6,5,1
36.7,75.9,34.2,46.2,5,2,0
34.3,69.7,35.2,72.7,1,2,0
32.8,72.3,40.9,72.6,10,3,0
32.9,59.5,29.9,86.2,11,5,0
36.6,55.8,42.0,47.1,6,5,1
34.4,66.1,36.5,66.9,5,1,0
31.9,76.0,27.5,51.8,2,5,1
30.3,64.4,14.7,54.6,4,4,1
36.6,56.6,28.7,57.0,7,5,1
33.1,50.6,40.5,65.8,14,5,1
35.3,67.4,21.8,55.4,2,3,2
37.6,58.4,28.7,62.3,12,1,0
31.2,64.1,29.3,70.3,7,1,0
34.4,62.1,35.5,73.3,8,4,2
34.1,59.7,24.9,68.9,4,1,0
35.4,68.5,21.0,66.5,14,4,0
37.6,71.7,32.6,60.6,0,1,0
31.2,88.6,22.1,56.3,3,5,0
35.9,74.1,13.3,67.4,4,2,0
37.1,84.1,42.7,51.5,8,1,0
34.0,55.2,35.4,63.2,6,2,0
34.2,45.8,43.1,51.2,13,5,0
35.5,64.8,35.0,61.6,2,3,1
35.4,75.3,33.4,51.5,8,5,0
36.0,73.4,31.0,58.0,7,2,0
35.9,79.5,26.5,55.2,4,4,1
32.0,34.6,32.1,54.0,0,1,0
37.0,80.0,23.6,61.1,12,3,0
37.4,69.0,19.4,37.8,3,2,0
35.0,46.5,25.3,44.0,2,4,1
30.8,73.7,38.3,70.0,8,4,0
34.2,67.0,18.1,63.5,2,1,0
35.0,69.6,18.3,54.8,9,4,0
31.6,77.0,32.7,71.7,10,4,0
33.6,70.2,24.7,55.6,3,2,0
31.0,47.3,31.9,56.2,1,1,0
36.0,63.3,35.9,54.2,1,3,1
34.9,45.6,31.7,81.1,0,2,0
30.4,72.8,22.9,64.4,7,4,1
35.4,81.8,38.3,64.0,5,1,0
34.4,50.1,33.9,66.7,11,2,0
35.8,56.9,28.2,43.5,5,4,1
33.5,54.4,27.8,56.1,9,5,0
32.5,59.6,31.0,66.5,7,3,1
32.6,69.9,25.5,62.0,6,1,0
33.2,59.7,15.0,84.1,11,4,0
34.5,72.8,34.0,56.6,7,1,0
34.9,77.8,33.5,71.4,8,1,0
34.0,78.2,9.6,70.1,6,4,0
33.4,51.6,32.1,63.4,10,2,0
33.6,81.6,42.1,65.2,4,1,0
40.8,82.6,19.0,59.1,0,3,2
32.6,83.6,27.4,42.3,6,2,0
33.1,63.1,26.5,65.5,4,4,2
42.7,56.0,41.3,66.3,13,5,0
35.6,53.2,37.0,67.9,14,1,0
31.1,51.8,21.0,62.6,3,4,1
36.6,65.1,30.7,71.7,6,4,1
32.2,75.2,46.4,53.3,6,5,1
36.8,80.7,23.0,76.7,3,2,0
34.0,59.2,27.9,52.1,0,1,0
33.4,64.5,32.1,60.9,14,5,0
38.5,63.7,23.1,68.8,9,1,0
35.9,57.4,42.1,56.9,6,3,1
36.9,73.8,24.2,69.5,2,4,2
35.6,69.4,16.9,58.6,7,1,0
33.4,66.7,23.8,63.2,4,2,0
36.0,69.3,33.2,60.2,3,1,0
37.5,72.4,21.6,56.2,14,5,0
34.8,72.3,30.4,84.5,9,2,0
39.0,54.9,32.5,53.6,4,4,2
36.6,75.8,18.3,39.1,3,2,0
35.0,68.1,23.5,54.0,11,4,0
35.1,59.8,30.8,63.3,9,4,0
34.8,67.8,33.6,58.2,12,1,0
31.4,69.1,23.7,72.2,11,4,0
34.3,78.0,29.2,71.8,6,4,1
35.1,52.4,25.7,58.8,9,1,0
33.5,80.9,33.8,45.2,5,2,0
35.3,65.3,32.2,49.2,1,5,2
34.6,58.9,25.0,61.7,0,3,1
36.4,58.6,31.8,46.4,1,1,0
36.2,53.0,24.7,58.3,13,4,0
34.9,44.1,31.7,76.2,12,4,0
31.1,73.1,31.8,65.4,5,3,1
39.0,88.8,47.0,62.5,13,1,0
34.1,45.6,25.3,51.6,11,1,0
34.3,53.6,26.9,63.8,2,2,0
33.6,74.0,22.8,59.4,3,3,1
33.3,64.5,19.7,64.4,5,4,1
38.4,75.0,24.3,69.3,12,4,0
38.0,63.8,33.3,71.0,9,2,0
35.6,58.0,33.9,63.3,5,4,1
34.2,62.3,30.4,67.1,12,1,0
36.0,36.4,25.6,56.9,4,1,0
34.7,51.3,24.1,73.3,13,4,0
34.0,76.4,20.7,53.1,10,5,0
35.3,79.3,23.5,59.9,10,4,0
33.4,81.9,17.6,74.4,1,3,1
35.1,70.3,38.9,57.2,2,5,2
35.0,37.9,42.7,48.6,14,2,0
36.0,57.4,12.5,57.9,11,4,0
33.0,80.9,30.3,75.9,3,4,1
36.3,84.5,30.2,39.3,12,1,0
32.2,81.4,29.7,63.0,4,5,1
33.1,62.2,23.3,55.7,5,4,1
33.2,49.3,36.2,60.3,4,2,0
31.8,64.5,31.3,58.5,7,5,1
37.0,65.2,36.3,71.6,11,2,0
32.1,83.8,22.1,62.5,2,1,0
32.8,67.7,16.9,72.1,14,4,0
37.6,65.2,31.5,74.8,4,1,0
33.1,65.9,20.3,62.3,14,3,0
34.0,69.8,36.4,58.4,13,4,0
32.0,72.5,11.0,65.8,8,1,0
36.6,56.3,24.3,67.7,1,4,2
36.6,52.3,23.1,50.5,8,3,0
36.3,81.4,25.3,64.4,11,2,0
35.8,45.3,30.1,59.5,14,1,0
34.7,84.7,31.2,57.8,1,4,1
33.2,42.1,33.1,55.1,11,1,0
32.5,58.0,34.0,55.7,4,1,0
37.7,76.7,26.6,74.6,11,2,0
36.4,65.0,44.9,58.4,8,3,0
32.8,49.2,39.1,73.4,12,5,0
34.6,70.1,25.5,63.3,0,4,2
33.7,65.8,26.9,50.7,7,4,1
31.7,62.4,25.3,63.9,10,1,0
34.9,57.5,30.9,50.1,5,4,1
33.5,64.6,20.2,68.1,4,2,0
32.1,58.0,21.7,59.9,4,3,1
30.8,94.2,10.7,70.6,11,4,0
30.6,62.1,24.8,76.3,3,1,0
33.6,60.5,36.5,44.6,14,2,0
34.3,58.5,26.8,57.4,3,2,0
32.3,86.3,27.2,49.9,6,5,0
36.1,45.3,30.2,83.6,14,5,0
34.3,69.3,20.0,57.6,0,5,2
35.9,62.1,28.2,48.8,5,3,1
34.0,47.9,35.1,84.4,12,4,0
32.5,55.2,30.5,54.7,4,4,2
34.8,68.8,35.8,45.8,4,4,2
31.3,54.6,38.1,50.4,0,4,1
35.8,68.1,33.3,63.4,2,5,2
32.2,85.7,22.3,62.5,2,2,0
36.8,67.0,25.2,53.6,13,4,0
33.7,47.6,43.5,57.1,8,4,0
37.2,54.8,30.5,62.5,3,4,1
31.7,61.6,29.4,75.2,12,5,0
32.8,60.8,21.1,65.3,9,1,0
35.5,66.8,27.3,56.4,4,5,2
37.4,68.7,33.7,59.7,3,5,1
38.7,85.8,28.1,69.7,3,5,0
34.6,65.0,23.8,78.8,10,2,0
39.1,51.2,25.7,51.0,10,3,0
33.8,78.8,37.5,73.1,9,1,0
37.2,80.2,33.3,58.9,6,1,0
32.1,67.8,32.3,45.8,7,3,1
35.6,62.0,31.5,43.8,13,5,0
28.6,72.5,18.5,75.3,8,2,0
31.7,62.5,30.2,76.5,9,4,0
35.7,40.3,36.5,56.3,3,1,0
31.2,71.8,25.9,59.9,6,1,0
35.6,75.7,35.8,44.2,0,4,1
36.8,82.3,32.4,69.6,6,2,0
33.2,56.2,34.6,61.7,12,1,0
32.1,67.7,28.4,46.5,10,5,0
33.3,68.0,35.1,64.0,13,5,0
32.1,66.0,16.3,48.1,5,1,0
34.2,66.4,28.3,67.6,11,5,0
34.8,65.4,33.7,51.2,10,1,0
33.7,67.5,30.4,65.4,10,4,0
38.7,73.9,36.8,55.5,11,4,0
32.7,79.6,26.7,38.3,7,2,0
38.0,55.9,23.6,72.0,5,1,0
31.9,62.9,14.9,72.5,8,3,0
34.7,59.9,25.8,56.8,5,5,1
37.5,58.2,32.1,64.7,10,1,0
37.3,45.6,34.1,66.4,12,5,0
33.4,65.3,16.8,66.7,0,4,1
35.9,70.8,37.4,79.3,9,5,0
35.6,63.1,20.2,66.2,6,2,0
33.2,64.9,27.0,58.4,1,4,2
36.0,70.0,23.4,66.3,3,3,1
39.2,81.9,31.3,57.7,12,4,0
35.7,60.0,28.8,51.3,5,1,0
35.9,50.9,33.4,74.2,1,3,1
36.2,63.9,42.8,67.3,11,5,0
30.8,87.6,31.2,43.4,3,5,0
35.7,51.1,23.4,55.2,5,2,0
32.0,72.8,31.7,69.6,2,1,0
33.0,78.9,43.6,46.4,11,3,0
39.9,36.6,33.3,54.5,13,2,0
33.9,69.9,35.6,88.6,14,2,0
32.6,72.2,15.3,58.7,1,1,0
37.4,61.8,31.1,72.8,13,3,0
32.1,57.2,25.9,77.0,9,1,0
33.4,57.9,22.6,52.9,12,5,0
37.6,61.1,27.8,64.7,1,1,0
34.6,61.4,28.9,82.6,12,1,2
30.6,59.1,23.0,66.6,4,3,1
35.9,60.9,29.5,85.7,5,1,0
33.5,79.3,26.6,55.6,13,3,0
38.3,50.4,33.6,80.0,10,1,0
33.0,44.0,29.8,62.2,7,5,1
37.1,79.5,31.0,58.7,10,3,0
38.9,62.7,35.8,68.4,5,2,0
32.4,60.3,32.4,60.9,14,4,0
34.0,63.7,28.0,61.2,1,3,1
35.5,67.5,11.3,66.9,8,5,0
32.4,58.7,32.1,43.9,0,4,2
35.2,71.1,20.7,54.0,6,5,1
33.9,53.5,27.3,69.2,7,5,1
33.9,61.4,31.0,71.9,12,1,0
34.6,38.4,38.7,65.6,14,4,1
34.7,79.1,42.7,64.8,11,5,0
34.9,62.9,20.6,66.0,14,1,0
33.0,73.0,17.5,71.6,1,5,1
33.1,70.7,30.6,47.7,7,4,1
34.2,71.6,29.9,56.9,8,4,0
34.4,64.9,18.4,61.3,1,4,2
33.4,69.7,27.9,64.0,8,2,0
35.3,53.5,32.8,40.9,0,5,2
30.0,50.9,18.2,49.4,9,4,0
32.7,63.8,20.0,61.8,3,3,1
33.8,56.8,22.8,72.1,14,4,1
32.4,82.1,26.3,57.8,4,5,1
38.6,69.5,33.6,55.3,9,2,1
34.5,56.4,25.4,67.3,9,5,0
34.9,61.7,28.4,58.7,13,1,0
33.3,66.6,46.0,70.8,5,4,1
34.5,64.2,20.3,59.8,5,3,1
31.5,68.3,22.8,50.8,10,4,0
34.1,65.8,33.4,76.2,0,3,1
32.2,48.3,35.9,74.4,8,3,0
33.8,39.2,31.3,52.4,5,1,0
28.1,60.5,42.5,66.0,14,2,0
31.7,71.7,30.5,58.7,7,5,1
38.2,60.7,12.2,68.2,11,3,0
36.6,79.8,28.8,53.2,12,1,0
37.8,64.4,23.4,70.7,2,1,0
38.0,81.3,39.1,73.9,9,2,0
36.2,78.8,35.7,52.5,10,4,0
33.4,77.6,15.3,62.7,6,2,0
31.9,50.6,38.8,74.2,2,3,1
37.4,65.2,35.5,52.0,6,4,1
34.7,79.7,25.4,55.3,0,4,1
40.7,68.3,27.4,68.6,14,1,0
33.6,71.7,39.1,60.4,1,2,0
39.4,48.3,12.2,46.2,2,4,0
34.1,88.0,31.6,58.8,2,4,0
37.8,55.5,36.7,79.5,3,3,1
38.7,41.1,27.3,82.6,2,2,0
31.9,60.8,33.2,55.6,9,1,0
33.3,35.6,28.8,52.9,1,1,0
31.9,52.0,21.7,57.4,10,1,0
31.4,95.7,21.5,80.0,6,5,0
36.2,60.4,33.7,70.4,5,3,1
34.0,47.9,22.9,76.6,7,2,0
34.6,65.3,15.8,72.0,0,3,1
35.9,54.2,29.0,48.8,7,3,1
29.9,75.4,23.9,52.5,7,1,0
37.7,54.3,18.4,55.0,11,5,0
33.6,68.2,28.6,56.8,2,3,1
35.8,51.2,34.1,55.2,0,3,1
36.1,96.2,28.2,56.4,0,3,0
37.9,71.0,19.5,68.4,14,5,0
34.2,63.3,31.9,63.4,5,5,1
29.2,61.5,36.3,74.2,3,1,2
34.6,58.4,45.7,64.5,2,4,2
35.0,55.9,39.5,55.2,3,1,0
31.9,55.5,20.0,63.9,6,1,0
34.9,85.1,34.9,46.9,14,3,0
33.6,58.4,30.1,38.9,11,3,0
31.1,39.4,18.8,68.4,12,3,0
36.2,51.0,30.3,72.2,0,1,0
33.1,76.1,43.3,62.7,8,4,0
33.5,62.0,37.6,58.1,7,3,1
33.3,63.4,19.9,48.6,2,1,0
37.6,79.0,28.1,73.7,7,2,0
34.4,55.7,31.9,66.9,8,1,0
34.7,72.6,14.2,64.9,0,5,1
33.4,57.0,14.4,62.0,14,4,0
35.7,71.9,29.2,57.3,11,3,0
37.9,60.3,29.3,50.9,13,1,0
36.1,62.1,13.3,64.5,1,5,1
36.2,74.8,31.1,56.6,0,2,0
36.0,74.0,36.7,57.8,13,3,0
31.0,63.0,26.3,79.2,13,4,0
32.3,59.3,28.5,61.5,9,2,0
34.0,84.2,32.6,37.5,3,5,1
32.7,72.1,31.5,56.6,4,2,0
31.8,60.3,14.7,52.0,11,2,0
29.8,57.2,20.8,60.6,13,1,0
31.1,77.3,24.8,47.8,10,2,0
33.9,66.4,21.1,66.3,6,4,1
34.3,63.0,39.7,59.0,12,3,0
32.5,66.4,33.1,57.2,3,5,2
34.7,69.1,19.1,63.5,1,5,2
33.4,64.3,26.3,61.2,5,2,0
37.2,79.4,37.0,60.7,7,4,1
34.1,80.1,22.8,59.8,9,3,0
36.2,71.4,34.8,61.8,10,3,0
35.0,81.5,39.1,65.4,10,2,0
31.0,65.1,37.7,64.2,3,1,0
34.3,73.3,29.4,73.3,9,3,0
31.4,77.1,38.0,56.5,0,4,1
34.2,77.2,23.8,64.4,13,5,0
32.6,76.0,47.9,86.5,6,3,1
35.5,72.6,29.9,61.6,14,1,0
31.1,88.5,37.2,62.0,13,3,0
34.5,58.5,25.1,49.4,2,2,0
35.9,63.1,32.0,54.9,1,5,2
36.8,62.4,32.3,60.9,13,4,0
32.6,60.6,20.6,67.3,7,5,1
34.5,41.1,20.3,68.5,1,2,0
35.0,81.5,26.4,65.3,9,3,0
38.4,52.7,36.8,70.0,14,1,0
30.8,67.0,13.3,52.0,9,1,0
32.2,47.9,25.1,66.9,3,2,0
41.5,72.4,38.5,62.1,5,2,0
33.8,55.6,18.1,63.2,3,4,2
29.8,51.4,38.0,58.4,8,2,0
33.0,67.3,19.0,52.5,6,5,1
27.6,56.6,20.7,49.8,5,4,0
35.1,58.1,26.8,65.2,2,5,2
36.5,67.1,43.0,67.0,0,2,0
32.2,74.6,22.9,60.7,12,3,0
33.3,55.2,14.1,61.9,12,3,0
36.8,53.1,16.8,54.8,1,4,1
30.1,65.3,35.5,67.0,3,5,1
31.2,71.5,17.2,62.6,6,3,1
33.9,82.6,37.5,58.3,8,5,0
32.6,52.1,28.6,70.7,13,3,0
33.8,61.2,27.7,68.5,10,2,0
31.3,79.1,30.4,46.6,9,1,0
35.0,88.7,21.6,62.5,11,2,0
34.1,53.1,29.1,52.4,9,2,0
35.9,56.1,18.5,63.4,13,2,0
35.0,69.6,38.8,30.5,14,3,0
35.0,58.1,19.8,64.0,6,2,0
30.9,55.9,31.5,69.1,0,5,1
35.7,67.9,19.7,60.9,14,2,0
33.7,83.6,23.7,50.4,4,4,1
34.1,49.3,25.0,81.6,4,4,0
37.1,83.0,51.9,73.6,1,5,1
32.7,58.1,27.9,56.7,11,4,0
37.9,69.1,21.4,59.4,2,2,0
38.1,84.1,24.4,42.2,14,3,0
36.4,68.9,16.0,66.7,3,1,0
32.0,61.4,26.7,48.3,1,2,0
29.0,73.6,42.8,68.7,9,5,0
37.2,62.9,30.7,72.3,3,1,0
34.8,71.3,35.2,61.3,4,2,0
32.6,62.5,20.7,51.4,1,1,0
37.4,75.3,26.4,74.5,9,3,0
32.3,48.3,29.6,62.0,3,4,1
33.4,52.8,22.2,62.9,11,1,0
35.8,48.1,31.2,52.7,3,1,0
31.7,64.3,32.9,63.9,6,5,1
34.2,46.6,32.3,60.0,7,2,0
37.2,56.7,26.8,48.7,8,1,0
35.0,51.7,36.7,75.4,12,1,0
37.6,82.8,25.9,79.6,1,5,0
37.3,53.1,25.2,72.2,3,5,1
34.5,49.6,39.5,70.7,11,1,0
28.7,68.0,19.1,79.7,12,2,0
31.7,85.2,14.4,51.5,6,1,1
36.4,63.6,21.1,51.4,0,3,1
30.6,64.5,31.1,57.9,12,5,0
33.7,80.5,38.3,65.0,9,4,0
35.3,75.5,22.7,59.1,7,2,0
38.2,70.1,42.5,51.8,5,4,2
33.1,58.0,28.2,62.1,10,2,0
32.9,70.5,27.1,61.1,4,5,2
34.4,48.7,21.2,70.4,5,3,2
35.4,57.5,43.6,62.4,11,5,0
34.1,82.2,26.8,43.0,5,2,0
37.1,80.6,17.3,65.9,14,5,0
32.5,70.2,47.7,77.8,6,2,0
34.8,41.8,31.1,62.3,8,4,0
35.6,50.5,34.4,71.9,9,1,0
33.5,56.8,41.5,56.9,10,2,0
36.6,62.9,32.9,67.7,7,3,1
34.9,50.0,35.8,54.6,5,3,1
36.5,62.0,28.4,59.5,12,1,0
35.0,86.2,33.9,59.6,10,1,0
35.4,69.8,27.7,66.8,0,5,2
32.9,67.6,27.8,53.8,9,2,2
32.9,52.8,29.0,47.4,13,4,0
37.6,45.3,24.8,66.7,8,1,0
36.1,50.3,32.0,66.3,13,2,0
31.9,44.8,32.0,63.1,5,1,0
35.0,65.9,34.6,71.3,3,3,1
28.6,69.6,33.1,60.0,7,3,0
33.1,53.4,44.0,64.8,1,3,1
36.9,66.8,36.4,58.5,0,4,2
34.2,82.6,26.3,59.4,8,4,0
34.8,88.5,31.6,65.4,0,2,2
27.0,74.2,39.3,84.7,0,3,0
33.5,62.9,20.4,69.4,6,1,0
35.3,73.9,44.1,67.5,3,4,2
35.7,81.2,21.8,69.7,2,2,0
36.9,40.9,35.2,38.5,7,1,0
34.0,82.8,28.1,65.2,4,5,1
34.1,58.5,27.6,71.1,9,3,0
31.2,58.6,17.6,62.8,6,1,0
34.0,60.7,35.3,61.6,2,1,1
31.3,68.8,17.7,52.6,10,2,0
29.9,51.7,16.5,57.7,13,5,0
31.8,61.6,37.3,53.7,10,1,0
38.3,71.3,42.3,72.0,2,3,0
33.8,67.6,22.7,77.0,8,2,0
35.0,69.6,36.0,81.4,2,4,0
33.2,61.1,34.4,53.5,0,3,1
30.0,73.3,27.3,55.3,2,3,1
36.8,77.7,38.7,54.5,12,5,0
29.1,77.0,26.7,51.8,13,1,0
33.1,70.1,32.1,52.0,8,2,0
34.4,76.3,18.0,56.8,13,1,0
35.1,75.5,18.3,70.7,6,2,0
32.7,97.1,37.4,54.8,0,2,0
29.9,79.6,32.4,72.5,13,5,0
32.5,63.9,26.9,75.7,10,4,0
32.6,54.1,43.3,64.9,9,2,0
32.6,61.9,43.2,74.3,1,4,1
36.9,61.0,31.5,48.4,14,5,0
31.5,71.1,16.4,56.4,1,1,0
35.3,56.6,27.1,63.9,0,3,1
34.9,79.3,21.3,64.2,1,3,1
36.9,48.3,28.7,76.3,14,5,0
34.2,45.4,20.5,52.0,12,2,0
36.5,63.4,18.4,56.6,1,4,2
34.1,54.9,9.9,61.2,6,3,0
35.6,49.9,29.3,56.8,7,2,0
30.7,57.4,9.6,51.6,8,2,0
27.9,55.9,25.4,57.2,3,5,0
35.4,65.1,33.6,59.5,0,5,2
35.6,57.6,22.2,76.5,0,2,0
35.7,58.5,19.3,51.8,13,3,0
33.2,64.9,27.5,70.2,9,1,0
38.2,77.2,21.4,74.7,14,3,0
33.4,82.6,29.5,56.9,12,5,0
35.6,66.8,19.7,64.6,3,4,2
36.0,67.7,27.2,67.8,1,3,1
38.8,62.8,25.2,66.1,9,4,0
33.7,70.8,27.9,62.8,3,3,1
32.9,69.7,41.1,55.2,10,3,0
30.8,80.9,29.6,68.6,14,1,0
38.4,42.3,32.0,58.3,14,1,0
35.6,62.2,23.0,62.3,3,3,1
35.6,69.1,29.8,63.8,7,1,0
42.3,64.7,25.8,70.6,10,1,0
35.3,53.7,28.2,81.3,3,2,0
31.2,49.4,33.2,54.6,8,3,0
34.0,74.7,24.0,62.5,5,4,1
32.1,55.9,24.8,47.2,8,5,0
33.5,43.9,24.1,76.8,9,4,0
33.5,75.3,24.0,62.4,13,5,0
33.0,70.5,29.4,59.0,7,2,0
31.0,63.6,25.1,62.5,4,4,1
38.5,54.0,40.0,63.0,1,1,0
35.2,63.6,49.4,54.7,10,1,0
33.9,79.6,23.5,73.9,12,4,0
36.4,45.6,30.4,68.4,6,2,0
35.7,46.2,36.3,69.8,12,3,0
35.2,57.5,25.9,55.2,7,5,1
36.2,64.7,20.0,54.7,7,4,1
34.8,59.0,41.9,60.9,0,2,0
36.2,72.7,33.5,70.0,7,4,1
36.4,78.1,30.5,67.0,8,5,0
34.9,68.3,39.6,54.2,7,2,0
33.9,71.7,34.2,68.7,8,3,0
38.3,68.3,27.6,52.3,7,4,0
33.3,65.1,20.2,55.4,10,4,0
35.5,49.5,24.1,63.6,1,3,1
35.5,52.7,37.6,50.3,7,3,1
33.0,48.8,33.5,52.4,6,3,1
32.5,63.2,26.5,77.5,5,3,1
33.6,67.8,42.1,75.7,6,2,0
33.3,47.6,26.7,84.9,10,5,0
30.9,65.9,35.9,66.5,14,4,0
32.9,54.5,29.8,68.4,3,4,2
35.2,52.2,43.5,60.5,0,1,0
37.7,57.5,34.0,58.5,5,3,1
35.9,51.6,28.4,70.7,4,2,0
28.0,72.3,26.6,75.6,1,1,0
36.1,63.0,27.9,69.9,7,2,0
33.1,74.8,22.2,53.6,7,1,0
35.6,59.7,17.1,65.9,12,4,0
34.5,60.1,30.5,54.3,10,3,0
34.0,87.5,23.7,58.8,6,4,0
34.2,45.5,23.7,78.4,9,5,0
34.4,80.4,27.3,50.0,4,2,0
37.9,84.9,28.4,83.7,2,1,0
34.5,74.2,28.1,67.5,8,1,0
37.2,61.0,41.9,57.3,7,1,0
36.8,82.1,33.3,62.7,4,1,0
36.2,61.1,44.9,55.2,13,3,0
30.0,56.5,24.5,56.5,8,4,0
37.3,60.3,34.3,62.7,8,2,0
33.4,58.2,24.9,58.7,10,3,0
36.3,53.6,23.5,52.7,4,2,0
32.1,78.3,45.2,59.8,7,4,1
31.5,55.7,21.9,48.9,13,4,0
39.4,64.6,10.1,49.3,9,4,0
32.1,47.7,22.3,49.2,12,3,0
37.4,65.4,11.9,78.7,0,5,0
34.8,51.1,20.4,66.1,10,1,0
33.4,50.8,21.1,68.0,9,3,0
34.4,63.7,28.3,62.1,13,1,0
31.2,77.7,11.6,67.1,14,5,0
34.5,70.3,37.6,73.8,2,1,2
31.8,71.1,13.0,66.1,7,3,1
33.5,63.4,27.0,78.4,13,1,0
36.8,61.0,25.4,61.6,12,4,0
35.1,74.5,34.6,68.0,1,3,1
30.8,58.2,30.8,69.0,8,3,0
36.6,75.0,37.5,52.7,5,5,1
34.5,79.8,25.1,62.4,10,5,0
33.1,54.9,24.3,43.6,7,3,1
36.4,56.7,31.3,60.7,4,2,0
34.1,58.5,36.2,59.2,6,2,0
31.6,47.4,34.6,58.6,14,4,0
39.1,59.4,30.6,57.9,5,5,0
34.5,80.6,29.9,67.1,3,3,1
34.3,52.5,27.7,53.1,1,3,1
33.5,80.9,31.3,80.6,2,5,0
37.4,59.8,44.3,67.7,0,1,0
33.2,90.4,26.1,54.0,0,1,0
30.6,56.8,25.1,68.5,7,1,0
32.8,63.3,24.5,71.9,8,3,0
37.8,54.1,31.1,65.7,11,5,0
36.6,56.7,11.0,51.9,9,2,0
33.9,81.1,26.9,84.4,2,4,0
37.9,70.7,35.0,68.4,9,5,0
36.4,77.3,23.8,49.5,6,5,1
33.8,49.2,29.5,64.1,2,4,1
34.1,72.9,44.9,59.8,9,2,0
35.3,53.3,30.7,62.1,9,4,0
32.4,49.0,10.1,50.1,6,3,0
34.5,67.9,16.7,62.5,2,3,1
35.3,67.7,26.0,53.7,0,4,2
30.3,65.6,21.6,58.5,11,4,0
34.0,73.6,28.8,65.9,2,5,2
33.7,75.5,25.6,57.2,4,3,1
37.1,82.6,37.3,59.1,10,4,2
29.9,50.7,19.3,70.2,6,2,0
33.5,83.0,26.3,53.1,12,3,0
33.3,87.6,29.7,55.5,5,5,0
36.9,60.6,30.7,49.5,13,4,0
34.4,45.0,29.2,53.8,5,3,1
39.0,48.4,8.7,63.3,1,3,0
36.2,59.5,28.7,68.4,10,2,0
33.5,89.2,26.8,53.9,9,2,0
35.1,65.2,34.9,68.1,14,4,0
33.6,57.6,33.8,63.1,1,1,0
36.6,56.8,29.9,48.2,7,1,0
31.2,49.1,30.5,63.7,10,3,0
32.4,75.5,38.8,73.9,6,4,1
35.6,63.9,37.2,43.1,3,5,2
37.6,90.2,30.2,82.1,4,3,0
29.0,72.5,45.2,55.9,0,1,0
37.9,75.0,23.0,45.5,9,4,0
34.1,62.1,18.5,63.4,11,2,0
29.8,51.9,27.9,70.3,6,1,0
27.0,54.5,25.0,59.2,0,4,0
30.7,48.6,8.3,65.1,11,4,0
34.5,75.9,22.8,83.2,13,1,0
34.3,60.4,30.7,64.1,9,4,0
36.1,76.4,27.5,91.8,1,3,0
33.1,66.6,21.8,74.6,6,4,0
31.7,61.5,28.3,62.5,8,4,0
33.5,51.0,29.0,64.9,14,3,0
34.6,68.6,33.7,58.8,7,2,0
35.1,62.4,22.9,64.5,0,4,2
32.5,75.8,35.0,67.6,10,1,0
36.8,56.4,19.3,58.0,10,3,0
32.9,72.4,24.0,48.2,3,4,2
32.3,84.7,41.6,75.2,6,2,0
33.1,68.3,19.8,71.7,0,1,0
37.2,74.4,22.7,47.8,1,1,0
34.2,71.9,18.0,63.7,4,3,1
32.8,87.8,21.4,72.3,1,3,0
36.8,69.5,29.1,71.2,4,4,1
39.9,73.4,33.7,55.1,9,5,0
35.0,64.6,27.9,71.8,5,5,1
37.6,55.7,25.4,62.2,2,2,0
37.1,50.5,18.1,65.9,9,1,0
33.0,80.2,22.2,52.8,12,4,0
34.6,52.9,15.6,19.4,8,1,0
31.3,74.0,33.9,54.2,4,4,2
34.0,70.0,34.4,67.4,12,2,0
32.9,76.0,27.7,59.9,5,2,0
33.5,58.8,31.5,68.5,0,1,0
32.6,55.5,35.0,73.1,9,1,0
33.8,69.5,28.8,58.7,10,1,0
35.8,61.5,39.1,57.7,3,3,1
34.2,50.2,19.8,40.1,5,2,0
29.8,88.3,25.2,46.5,0,2,0
32.6,55.5,24.3,48.6,7,1,0
30.7,53.1,33.2,67.6,6,1,0
35.1,62.1,16.5,58.8,3,4,1
35.8,80.0,39.6,56.7,7,5,1
35.1,39.0,32.5,55.5,10,4,0
32.5,79.0,42.0,54.2,6,5,1
35.1,54.1,27.7,71.2,11,4,0
33.3,68.2,23.6,62.9,6,1,0
31.7,56.9,33.3,71.9,6,4,1
36.4,88.9,36.2,40.1,9,2,0
36.5,66.5,22.3,67.3,2,4,2
36.9,56.5,12.0,57.2,12,4,0
33.0,61.4,13.4,59.2,9,5,0
37.4,66.1,30.1,75.5,5,5,1
33.3,67.1,40.3,58.1,3,4,2
36.1,70.3,17.6,66.9,11,5,0
33.2,65.0,25.8,51.8,0,3,1
33.9,48.5,25.2,62.4,0,5,1
28.4,60.9,43.4,46.1,9,1,0
33.7,72.3,46.1,61.4,7,3,1
34.7,57.0,31.4,65.9,2,4,2
33.5,73.1,35.2,73.1,5,5,1
38.9,65.4,35.0,53.8,11,5,0
31.6,62.4,17.8,56.7,6,2,0
33.1,79.3,33.6,55.6,7,4,1
32.2,44.1,19.8,59.5,1,1,0
33.1,56.9,26.6,52.4,10,1,0
37.1,79.8,37.1,40.4,2,4,2
38.2,87.0,28.6,51.6,3,2,0
32.7,92.4,36.8,61.5,4,3,0
32.7,65.6,38.4,60.5,6,2,0
31.6,70.5,13.9,67.5,4,4,1
37.8,74.8,10.6,70.4,12,1,0
37.3,80.3,37.3,57.5,5,4,1
34.2,68.8,37.6,46.1,0,4,0
31.0,76.1,30.1,66.0,6,5,1
31.2,70.5,31.1,61.9,1,2,0
34.9,71.3,35.1,59.4,3,2,0
35.9,54.0,35.0,74.2,8,3,0
29.3,61.0,25.6,66.5,9,2,0
33.7,58.7,35.6,63.2,9,4,0
38.5,50.7,25.2,63.6,5,4,0
34.0,45.2,29.9,70.5,12,4,0
38.2,59.9,29.6,55.1,0,3,0
36.1,61.8,21.1,53.2,5,4,1
31.8,66.3,22.1,59.7,3,1,0
33.8,71.7,45.9,50.2,0,1,0
34.2,67.3,20.9,61.5,8,2,0
32.1,61.9,31.0,63.0,0,2,0
32.1,54.0,32.6,61.3,9,5,0
38.3,75.5,27.6,58.4,12,2,0
32.1,63.8,33.4,78.5,11,5,0
37.2,59.8,30.6,71.4,10,3,0
33.4,62.8,21.0,61.0,3,4,2
34.4,56.2,32.3,62.9,9,1,0
35.9,58.6,23.6,75.8,8,4,0
33.0,58.3,41.9,56.2,7,3,1
35.9,61.6,31.4,52.3,7,5,1
29.4,72.9,22.4,64.3,2,1,0
35.6,69.9,30.7,66.1,12,2,0
28.3,83.6,20.6,66.9,12,5,0
33.9,79.5,30.1,70.3,10,3,0
36.6,88.5,26.2,54.7,8,3,0
36.1,71.7,21.4,47.9,1,3,1
31.3,71.5,21.3,56.2,9,2,0
31.6,59.2,47.5,67.8,14,5,0
32.8,74.9,28.7,52.8,1,3,1
35.0,57.1,24.5,42.7,5,1,0
29.4,47.4,23.2,63.4,13,2,0
34.5,83.3,31.8,56.3,14,5,0
35.3,50.0,22.9,44.7,6,3,1
33.8,70.3,19.2,62.7,4,4,2
35.8,54.4,27.7,58.1,4,1,0
35.1,78.5,27.7,78.8,7,1,0
33.1,80.2,24.7,62.9,4,2,0
29.7,71.4,20.9,67.9,8,3,0
34.8,80.0,24.9,61.8,1,4,1
32.1,65.1,24.2,56.0,0,1,0
33.1,91.8,23.1,57.1,0,5,0
35.7,74.0,30.2,72.8,10,4,0
38.0,54.2,45.8,69.5,13,2,0
34.4,65.8,38.7,47.1,1,3,1
35.9,63.2,43.5,49.5,13,3,0
30.9,62.0,23.5,50.1,2,4,1
35.1,45.1,41.4,72.6,0,1,0
34.4,69.6,29.8,44.7,4,3,0
37.6,48.4,35.9,69.9,4,3,1
33.1,34.7,31.7,66.0,14,4,0
33.9,60.9,25.3,63.5,1,2,0
37.1,55.9,33.8,57.3,14,2,0
34.3,54.7,31.9,73.9,12,5,0
31.7,27.8,13.9,63.1,7,5,1
40.9,54.8,27.0,47.6,10,5,0
31.8,62.9,35.0,49.9,7,5,1
34.3,57.4,30.2,45.6,13,1,0
35.4,69.6,31.8,74.0,3,4,1
35.2,81.7,22.0,76.2,14,4,0
34.0,71.2,30.0,72.9,6,2,0
34.0,77.3,27.2,60.6,13,3,0
33.9,78.3,26.4,47.7,14,5,0
31.7,52.8,22.6,51.5,12,1,0
39.9,70.3,35.3,52.1,11,5,0
34.0,76.9,30.8,61.5,6,2,0
36.0,59.8,30.0,75.9,10,5,0
33.7,55.5,44.4,75.8,3,3,1
33.6,71.4,31.8,57.1,4,1,0
33.4,47.2,37.6,39.6,11,1,0
30.6,51.9,30.2,50.3,11,5,0
34.1,57.0,25.2,73.9,3,4,1
33.5,70.4,19.5,64.3,14,2,0
37.4,67.6,29.9,58.4,10,4,0
31.5,77.4,6.7,57.7,14,3,0
33.1,53.9,30.2,54.5,7,1,0
32.3,53.3,30.5,50.0,8,4,0
38.1,71.3,26.3,82.7,9,1,0
32.3,55.4,27.3,79.2,2,3,0
35.9,57.8,18.0,53.8,4,1,0
36.9,42.7,39.1,44.5,14,2,0
34.1,68.5,25.3,63.7,10,5,0
31.1,83.5,20.2,60.5,8,3,0
31.1,52.6,32.4,68.3,0,4,1
36.6,77.3,28.9,70.5,0,2,0
31.3,64.3,25.1,50.3,8,1,0
35.5,43.8,24.3,74.8,1,4,1
34.8,54.3,28.0,58.5,2,2,0
35.4,53.5,38.8,68.1,8,1,0
35.7,61.2,31.8,59.4,14,3,0
32.2,70.0,27.7,71.2,12,3,0
32.1,87.2,34.8,38.4,6,1,0
36.3,47.8,28.2,69.4,14,3,0
32.9,59.2,31.2,53.7,9,3,0
27.6,54.2,29.2,62.7,14,5,0
36.1,49.8,32.7,74.4,3,1,2
31.9,66.1,24.4,54.0,8,3,0
35.7,65.0,18.9,52.4,13,4,0
38.0,43.2,35.3,58.3,14,3,0
34.5,65.2,40.0,57.6,12,2,0
37.0,50.5,19.3,51.5,2,5,2
34.9,65.1,29.4,63.1,9,2,0
38.5,80.2,24.4,63.6,1,5,0
31.8,70.6,35.1,66.6,5,5,1
34.5,67.1,30.0,53.8,0,4,2
36.2,58.7,54.6,52.6,11,4,0
34.0,65.8,25.6,60.8,11,3,0
37.4,71.8,40.3,59.5,1,4,1
33.4,70.6,41.1,59.7,13,2,0
39.7,63.8,32.3,54.9,12,1,0
39.8,67.6,28.3,65.3,12,4,0
35.2,49.2,28.8,52.6,6,5,1
35.9,56.2,28.1,60.8,14,5,0
37.5,73.5,37.1,58.9,14,4,0
31.5,75.1,21.0,61.7,8,5,0
31.2,66.1,26.7,73.9,5,3,1
37.6,82.7,25.7,48.9,11,1,0
35.2,71.1,14.2,38.1,0,2,0
33.9,62.2,34.9,56.1,5,2,0
34.5,50.4,36.5,50.5,0,5,2
28.5,82.3,22.9,31.9,11,5,0
34.0,74.2,36.2,79.5,0,4,0
32.6,86.6,15.3,67.6,11,5,0
36.8,91.0,28.2,68.7,8,2,0
37.0,49.6,27.0,59.1,6,4,1
35.9,49.6,28.7,66.2,9,1,0
35.5,30.6,28.7,57.8,0,1,0
30.8,76.0,27.4,70.1,12,4,0
36.0,72.9,24.9,63.9,3,4,2
36.1,66.2,27.1,61.6,12,3,0
37.6,50.3,38.9,62.4,13,3,0
39.8,63.9,23.4,76.7,8,4,0
30.3,67.2,46.0,63.7,8,2,0
33.5,74.4,22.9,51.7,13,2,0
32.6,68.3,29.9,65.4,6,2,0
34.9,73.0,32.6,66.9,5,2,2
34.5,63.5,25.7,60.6,14,2,0
33.9,79.2,39.1,61.5,6,1,0
37.1,72.6,32.4,51.3,5,3,1
31.7,50.8,26.4,63.0,0,3,1
31.9,81.7,39.0,49.9,4,1,0
31.9,79.7,19.9,59.5,3,5,1
33.6,70.6,23.5,55.3,11,3,0
31.4,68.4,32.5,71.8,7,1,0
34.4,84.9,34.4,77.5,5,1,0
34.1,45.4,30.6,50.6,14,1,0
32.5,79.9,27.0,62.0,6,3,1
36.7,59.3,26.0,58.9,6,2,0
34.4,78.1,37.1,66.6,10,5,0
37.2,66.4,29.9,63.0,3,3,1
34.0,50.1,21.0,58.1,6,4,1
34.4,59.0,20.6,62.9,10,2,0
33.1,77.3,40.1,59.9,4,1,0
34.5,62.5,22.2,77.9,6,2,0
36.3,57.5,30.2,54.1,0,4,2
33.5,57.5,38.8,64.6,11,4,0
35.8,72.7,32.3,67.1,12,1,0
32.5,86.0,21.9,66.4,10,2,0
36.4,39.3,19.9,59.0,7,3,1
33.1,98.6,43.0,75.7,13,2,1
36.6,67.4,19.7,41.1,12,2,0
34.7,72.0,23.6,51.1,7,5,0
38.3,59.8,31.0,68.6,9,5,0
31.6,65.0,26.2,53.2,14,2,0
30.8,67.3,32.6,52.6,3,1,0
33.0,52.4,16.3,57.3,11,2,0
31.0,55.3,26.3,54.1,5,5,1
31.0,79.2,33.4,68.4,1,5,1
36.1,46.4,33.4,71.0,6,4,1
34.5,70.3,23.4,62.9,7,4,1
33.3,60.6,19.8,72.5,11,2,0
33.5,53.5,29.7,48.1,2,3,1
33.0,88.7,17.5,62.8,8,5,0
38.6,53.5,38.3,75.5,9,2,0
32.7,51.4,29.3,71.8,9,3,0
31.2,62.8,22.4,76.4,12,5,0
36.5,55.8,19.6,56.1,11,4,0
34.0,65.1,22.9,71.2,6,1,0
39.6,66.9,15.5,57.7,4,4,0
33.2,67.8,32.0,68.0,13,1,0
36.6,63.5,21.6,75.1,13,2,0
37.2,56.6,31.2,54.1,1,5,1
33.2,72.7,32.3,43.4,6,1,0
32.6,63.7,35.7,80.5,11,1,0
36.4,59.1,30.0,66.9,9,5,0
35.9,82.8,37.0,60.9,13,4,0
31.0,63.5,39.1,60.4,3,2,0
31.7,78.1,30.1,41.0,14,2,0
28.2,79.7,30.5,64.1,3,5,0
36.0,80.5,23.5,56.7,1,4,1
33.8,73.3,20.1,62.5,11,2,0
34.1,65.0,38.3,62.3,13,1,0
30.3,64.2,32.8,28.2,5,3,1
31.8,62.1,33.5,66.9,2,2,0
33.3,39.0,23.3,63.9,13,3,0
32.8,73.6,41.0,65.2,1,1,0
34.8,67.9,26.2,60.2,9,3,0
36.0,74.9,21.6,62.5,1,2,0
40.2,63.6,23.4,63.7,9,5,0
34.4,73.0,40.6,64.7,1,2,0
37.3,48.5,19.1,66.8,5,2,0
32.4,51.0,22.0,64.8,6,2,0
30.3,35.3,51.2,80.5,13,4,0
33.6,63.4,35.5,54.7,10,4,0
30.5,55.7,22.1,58.3,14,2,0
34.5,54.2,19.3,78.9,8,4,0
32.5,69.0,14.6,60.5,3,1,0
29.6,59.9,28.8,71.3,6,1,0
38.8,47.8,33.8,63.4,7,2,0
33.2,95.5,40.2,59.7,8,4,0
30.4,64.6,12.8,71.9,13,3,0
36.7,52.0,17.4,67.2,13,3,0
32.7,57.0,27.0,46.7,1,4,2
37.2,62.9,50.3,63.7,11,1,0
32.7,62.9,35.1,52.0,4,2,0
33.1,80.6,31.0,74.7,8,4,0
35.4,64.0,18.2,79.5,14,5,0
36.0,87.3,11.0,80.7,13,1,0
36.4,59.8,28.3,65.6,7,2,0
34.3,70.1,27.2,57.4,0,5,2
35.8,77.3,25.9,65.2,14,5,0
36.4,79.3,25.0,52.6,13,2,0
35.0,80.7,22.0,85.5,5,1,0
34.1,61.7,20.2,73.9,2,3,1
30.9,64.9,39.1,65.0,7,4,1
36.0,35.2,20.9,72.0,12,2,0
34.6,62.6,25.8,57.1,6,2,0
33.5,78.1,27.7,50.9,0,4,1
37.7,75.8,33.7,39.9,6,3,1
30.9,64.0,21.2,62.8,7,2,0
38.6,85.4,35.8,59.9,13,5,0
34.4,60.4,23.4,67.2,12,5,0
35.3,56.4,26.7,62.1,10,4,0
33.5,59.4,41.1,66.7,6,5,1
30.3,51.5,20.2,70.1,14,2,0
34.2,72.5,33.8,47.4,3,1,0
35.3,68.5,36.0,70.7,4,4,0
36.2,72.3,30.5,57.9,12,3,0
34.0,60.0,27.1,67.2,14,3,0
29.0,64.3,45.0,72.2,12,2,0
30.6,38.9,27.9,72.3,10,1,0
39.6,69.5,29.6,63.3,14,1,0
31.8,66.2,25.3,63.8,1,4,1
38.1,51.8,29.2,70.9,10,2,0
32.2,63.7,35.7,47.0,6,5,1
34.0,61.9,25.8,52.5,8,3,0
36.1,86.2,11.1,59.2,3,1,0
32.4,52.3,32.1,48.7,7,4,1
38.5,69.0,19.4,59.3,3,4,0
34.7,51.9,33.9,58.7,9,1,0
35.7,58.3,28.0,62.9,13,5,0
33.8,68.3,35.5,61.4,0,4,2
36.1,62.5,20.4,72.7,14,3,0
38.4,64.9,23.7,67.7,9,1,0
34.2,69.0,25.3,61.3,0,3,1
38.8,59.1,16.1,58.7,8,5,0
33.0,75.6,36.9,61.5,2,2,0
36.4,61.3,15.0,61.7,12,5,0
35.7,63.8,36.8,87.2,4,1,0
31.8,69.3,31.4,47.4,0,4,1
35.0,67.7,26.4,52.7,12,2,0
34.5,72.7,30.8,51.3,8,1,0
32.4,68.8,30.5,64.7,9,4,0
35.4,70.6,24.8,64.3,12,3,2
34.9,61.1,30.4,56.3,8,2,0
34.3,52.2,33.8,71.0,11,2,0
34.3,47.9,20.4,65.7,8,3,0
34.3,45.0,30.8,71.4,0,1,0
33.6,86.2,7.0,74.0,14,3,0
34.8,38.4,12.6,40.7,14,1,0
32.9,79.3,32.5,68.9,4,2,0
41.1,55.1,24.7,49.1,9,3,0
31.0,79.2,21.2,64.5,1,4,1
33.0,38.6,27.6,61.3,4,2,0
33.2,62.2,24.8,61.7,9,4,0
39.6,82.4,20.1,50.0,5,5,0
31.2,73.6,14.9,72.3,14,3,0
35.6,61.0,12.3,49.1,1,4,1
35.1,41.7,33.9,69.5,10,3,0
